Global Flag,Major Flag,SMC Flag,Commercial Flag,IT Spend,Employee Count,PC Count,Size,Tech Support,Discount,Revenue
1,0,1,0,45537,26,26,152205,0,1,17688.363
0,0,1,1,20842,107,70,159038,0,1,14981.43559
0,0,0,1,82171,10,7,264935,1,1,32917.13894
0,0,0,0,30288,40,39,77522,1,1,14773.76855
0,0,1,0,25930,37,43,91446,1,1,17098.69823
0,0,1,0,34597,44,51,218703,1,0,17280.70918
1,0,0,0,40199,21,14,126342,0,0,9153.974376
0,0,1,1,30454,11,8,96784,0,0,5760.075096
0,0,0,1,23428,50,55,77298,1,1,17265.11146
0,0,1,1,7970,131,153,77888,1,1,21953.37179
0,0,0,1,151143,84,58,417289,1,1,50875.56035
1,0,1,1,30759,169,136,116016,1,0,22153.82215
0,0,1,1,19899,279,195,66555,0,0,11972.18818
0,0,1,1,8420,29,26,36973,1,0,10063.85753
0,0,1,1,34577,20,15,91689,1,0,10521.9988
0,0,0,1,1294,18,15,11292,0,1,2296.739654
1,0,1,1,80629,13,9,466694,0,1,41743.72206
1,0,1,0,144013,119,124,413240,1,1,56307.34264
1,0,1,1,17143,24,24,49673,0,1,9673.221778
0,0,1,1,22729,110,110,117138,0,1,15397.70575
0,0,1,1,28856,34,34,136831,1,1,21267.51393
0,0,0,0,14057,24,18,67434,0,1,6321.956387
0,0,1,0,14682,13,16,45908,0,0,2694.216001
0,0,0,0,8321,82,50,26999,0,0,2531.466231
0,0,1,0,22051,170,140,56512,0,0,9116.230185
0,0,1,0,15052,156,154,41571,0,1,12387.81871
1,0,0,0,21432,106,122,148865,1,1,27860.93773
0,0,0,0,21232,221,146,84567,0,0,9072.07955
0,0,1,1,41352,15,11,126934,1,1,19867.56935
0,0,1,1,12744,10,10,54468,0,0,2868.606553
0,0,1,0,13980,46,32,58046,0,1,7126.30626
1,1,0,0,35303,108,136,120173,0,1,20237.79168
1,0,1,1,10923,26,21,74202,0,1,11610.05857
0,0,0,1,16662,11,10,110110,1,1,18647.91666
0,0,0,1,88422,34,27,295436,1,1,37025.88584
0,0,0,0,3971,41,30,29867,0,0,1038.615975
0,0,1,0,22692,17,15,133197,1,1,19821.22882
0,0,1,1,31488,17,10,112661,0,1,13903.71762
1,1,0,0,45422,45,56,193432,0,0,15182.77493
0,0,0,1,62739,108,131,250338,1,0,25477.56325
1,0,1,0,2168,48,47,11009,1,1,13173.24059
0,1,0,1,20901,85,80,115902,1,0,15864.39188
1,0,1,1,4857,44,48,16491,0,1,8488.73425
0,1,0,0,25002,34,22,99114,1,0,13303.01519
0,0,0,1,23904,32,20,176769,1,0,15658.03599
0,0,1,0,5972,28,26,16210,0,1,1866.574021
0,0,0,1,19486,22,22,116783,0,1,11262.22719
0,0,1,0,16858,63,45,99214,1,1,18338.09893
0,0,1,1,37432,98,76,272286,1,1,36192.4073
0,1,0,1,32794,76,47,101073,0,0,8797.224912
0,0,0,1,21666,13,14,59452,0,0,3346.04696
0,0,0,1,2272,33,34,13700,0,0,2984.716846
0,0,0,1,23677,58,65,93466,1,1,18338.7401
1,0,1,0,7813,15,15,27740,0,0,5350.908641
0,0,1,1,117098,13,10,535638,1,1,60479.55167
0,0,0,1,6590,34,24,19900,0,0,3312.640665
0,0,0,1,17049,61,62,60369,1,0,12021.49536
0,1,0,0,88501,127,152,417564,1,1,54047.43047
1,0,1,1,2937,57,68,10629,0,0,8835.047329
1,1,0,0,28651,30,28,106147,1,1,23904.30481
0,1,0,1,7587,50,32,69779,1,1,15366.9466
0,1,0,1,80706,141,175,244713,0,0,18149.13843
0,0,0,1,4672,33,24,11762,0,1,3087.227865
0,0,1,0,41677,26,32,205525,0,1,19301.61921
0,1,0,0,61286,31,36,179022,1,0,18214.01619
0,0,1,0,157655,15,18,429946,1,0,28356.19404
0,1,0,1,24376,20,12,165690,0,1,17103.73349
0,1,0,1,78105,31,28,429628,1,1,52180.4918
1,1,0,0,10468,13,14,54499,1,1,17418.02118
0,0,0,1,14156,59,63,40721,0,1,6480.237874
1,0,1,0,11328,37,37,56684,1,0,14732.56658
0,0,1,0,9291,27,33,39421,0,1,6212.661339
0,0,1,0,47794,51,63,310950,1,1,37274.32798
0,0,1,1,25131,34,35,129251,0,1,13546.97187
0,0,0,0,17376,78,60,72051,0,1,6934.633026
0,0,0,1,45245,34,23,242353,0,1,22886.89951
0,0,1,1,50999,48,59,128288,1,0,16289.16582
0,0,0,0,2867,20,16,12868,0,0,427.6482735
0,0,1,1,67890,15,13,406365,1,1,47587.29878
1,1,0,1,160244,98,124,454291,1,1,63162.5783
1,0,0,1,7278,103,93,43359,0,0,8583.56821
0,0,1,0,61684,14,11,315315,1,1,37902.30016
0,0,1,1,23501,101,74,59631,0,0,5172.847451
0,0,1,1,8771,317,268,27460,1,0,20175.58992
0,0,1,0,10076,27,29,84398,1,1,13690.74117
0,1,0,1,6669,33,25,34115,1,1,11546.04042
0,0,1,1,43708,10,7,126892,1,0,13310.68181
0,0,1,1,24160,32,25,181818,1,0,15695.07674
0,0,1,1,22691,57,52,149726,1,1,22908.60641
0,0,1,1,150289,53,56,377721,1,0,28330.76253
0,1,0,1,24836,120,92,145100,1,0,17501.09664
0,0,1,0,66191,84,58,176803,1,1,26121.34126
1,0,1,0,24416,17,18,102243,1,1,18963.73396
1,0,0,1,6203,38,47,31973,0,1,8998.929994
0,0,1,1,3176,17,13,21184,0,1,4208.953344
1,0,0,0,20620,61,68,64891,0,1,11729.14754
0,0,1,1,10130,42,45,35605,0,1,5698.071425
1,0,1,0,2082,23,24,11269,1,0,10750.36634
1,1,0,1,32247,21,24,86154,0,0,10332.25678
0,0,0,0,4531,83,84,12688,0,0,5205.635952
0,0,1,1,54076,64,76,211136,1,1,29938.98853
0,0,1,1,8030,51,50,22089,0,0,3892.89282
0,1,0,0,22105,58,48,92998,0,1,10775.65117
0,0,1,0,2446,70,87,12772,1,1,8732.876532
0,0,0,1,68678,17,18,235152,1,1,30804.12152
0,0,1,1,28402,143,164,110430,0,1,18359.92468
0,0,1,1,33525,86,65,98371,1,1,19446.96031
1,0,1,1,32296,60,51,134989,0,0,10618.8936
0,1,0,1,25297,27,24,227115,1,0,20154.21729
0,0,1,1,10143,31,24,81870,1,0,11441.82429
0,0,0,0,2517,27,17,21453,1,1,8533.242525
0,0,1,1,8405,73,52,26417,0,0,3883.200484
1,0,0,1,71141,28,24,210928,0,0,13785.74983
0,0,1,1,75907,50,42,208770,0,1,20463.75335
0,0,0,0,2337,159,183,17870,0,0,7309.382264
1,1,0,1,16756,35,31,70823,1,0,16577.22067
0,0,0,1,4359,55,48,30794,1,1,11868.75457
0,1,0,1,22628,14,16,99704,0,1,11800.72088
0,1,0,1,52238,14,10,150085,1,0,16800.52139
0,0,0,1,31620,125,146,108026,0,0,11742.24034
1,0,1,1,20553,174,178,58863,1,0,20339.32765
0,0,1,1,46828,21,14,121378,1,1,19690.81724
0,1,0,1,10302,103,98,36116,0,0,8061.36729
0,0,0,1,11896,20,12,58290,0,1,7112.372385
0,0,1,0,27461,88,86,77141,1,1,16303.77806
1,1,0,1,138371,154,95,391156,1,1,55238.15934
0,1,0,0,17406,14,8,80062,0,1,8856.093234
0,0,0,1,6672,175,205,17437,0,0,10980.00749
0,0,0,1,5733,24,20,15552,0,0,1263.065792
0,1,0,1,4927,71,68,37194,1,1,14424.33442
0,0,0,0,7712,113,143,35022,0,1,7429.766914
0,0,0,1,23011,95,68,61522,1,0,10737.71349
0,0,1,1,37491,17,18,272112,0,1,23602.45932
0,0,1,0,6444,22,27,46013,1,1,9932.041465
0,0,1,1,3984,16,10,15835,0,1,4004.123217
0,1,0,1,94564,59,69,288104,1,0,24503.26207
0,0,1,0,43904,23,21,199942,0,1,17650.28582
1,0,1,1,18953,71,53,68308,0,0,9877.285199
0,0,1,1,22096,30,34,79186,1,1,15465.93262
0,0,1,1,8555,31,39,31220,1,0,10514.12972
0,0,0,0,34368,78,52,118289,1,0,14608.44238
0,0,1,1,15294,120,75,40569,0,0,5958.755283
0,1,0,0,34126,69,61,187211,0,1,20432.53813
0,0,1,0,16562,77,66,85917,1,0,12823.25034
0,1,0,1,9700,109,141,24838,0,1,12434.5908
1,0,0,0,70265,34,27,330589,1,1,43556.70504
0,0,0,1,2040,57,68,12825,1,0,10518.12191
0,0,0,1,8710,105,68,23341,0,1,7931.258914
0,1,0,1,12776,90,62,41423,1,1,15312.82009
0,0,0,1,156713,14,13,677214,1,0,40166.67407
1,1,0,1,3954,20,12,21408,0,0,8699.634473
0,0,1,1,38797,19,17,326943,0,0,9399.076282
0,0,1,1,9867,18,11,27353,0,0,2588.025236
0,1,0,1,11356,11,13,75715,1,1,16257.93618
0,0,0,1,18931,145,164,50727,0,1,12850.98872
1,0,0,1,7671,57,35,21975,1,0,11839.8829
1,0,1,1,17200,150,110,114140,0,1,18577.31238
1,0,1,1,60359,20,24,459345,1,1,55748.82324
0,1,0,1,25135,55,45,131549,0,0,8435.037353
0,0,1,0,2298,19,12,11375,1,0,8415.235112
0,0,0,0,48536,37,33,335333,1,1,38288.29422
0,0,0,1,19084,18,19,55362,0,1,6461.177574
0,0,1,1,12220,66,57,63430,0,0,6489.251169
0,0,1,0,33933,60,70,157628,0,0,10567.21174
0,0,1,1,14702,17,16,123893,0,0,5898.268951
0,0,0,1,27897,35,25,73351,0,0,3352.079607
1,0,1,1,52982,22,19,159086,0,1,19184.64834
0,0,1,1,13605,206,156,62175,1,1,19216.95099
0,0,1,1,5764,53,43,19948,0,1,5020.076872
0,1,0,1,2244,27,17,15691,0,0,5593.089558
1,0,0,1,5038,46,32,17721,0,0,6922.064446
0,0,0,0,68096,13,11,244989,1,1,28475.95454
1,1,0,1,4849,50,59,14330,0,1,11182.43115
1,0,0,1,46944,60,72,177787,0,1,22913.23627
0,0,0,0,24935,80,103,81077,0,1,10502.37863
0,0,1,1,13657,21,16,44931,1,0,9730.116239
1,0,1,1,2161,30,37,13652,1,0,12702.69822
1,0,0,0,12526,89,112,72595,0,1,15586.68329
1,0,1,0,68732,237,183,224090,1,1,42906.04591
0,1,0,1,23802,89,70,126710,1,0,14178.61795
0,0,1,0,117322,41,38,315544,1,1,38604.23011
0,1,0,1,10745,37,35,28092,1,0,10258.59208
1,0,1,1,4068,18,13,38388,1,0,13535.50829
0,0,1,1,3937,61,71,33293,1,0,9309.372487
0,0,1,1,27937,77,56,155237,0,1,15265.72861
0,0,1,1,118244,70,71,315199,1,0,24561.74379
0,0,1,0,22615,14,16,212549,1,0,16571.64054
0,0,0,1,21515,48,53,75989,0,1,10118.85221
0,0,0,1,5980,15,14,19643,0,1,2838.325206
0,0,1,1,3639,56,52,14509,0,0,4098.491438
0,1,0,0,88237,118,150,229779,1,0,25590.53569
0,0,1,0,17314,19,18,106862,1,1,18383.28659
0,1,0,1,8387,175,197,45477,1,0,20337.33835
0,0,0,1,27267,96,76,104636,0,0,6272.606914
0,0,1,0,20605,33,33,72497,0,1,5924.766859
0,0,1,1,12890,29,35,101666,0,0,6657.532861
0,0,1,1,57910,20,24,268205,1,0,21539.93028
0,0,0,0,5402,125,149,25775,0,0,7405.369309
0,0,1,1,69176,48,61,199564,1,1,29080.77548
0,0,1,1,26470,36,32,94398,1,1,18038.439
1,0,1,1,10428,18,17,34956,1,1,12826.48382
0,0,0,0,8917,21,24,24997,0,0,740.2041154
0,0,1,1,91861,38,23,232176,1,1,30069.56041
1,0,1,1,5560,14,17,47658,1,1,14984.83452
0,0,1,1,20889,36,22,64873,0,1,9138.845406
0,0,0,1,62209,79,97,180677,0,1,21423.36985
0,0,0,1,40967,64,74,232979,1,1,33710.50043
0,0,1,1,17317,94,88,77496,0,0,5267.233703
0,0,0,0,32250,21,22,188642,1,1,25062.01954
0,1,0,1,5259,27,28,26085,1,0,9904.940439
1,0,1,1,17184,95,65,120086,1,1,24304.85393
0,0,1,1,21320,63,57,82308,0,0,6406.755284
0,0,0,1,2905,41,47,26025,0,1,5116.346422
0,0,1,1,26657,64,58,161527,0,0,9800.742942
0,1,0,1,4178,135,107,19275,0,1,9646.977542
0,0,1,0,1854,33,23,14154,0,0,2925.00813
0,0,0,1,4586,38,45,21698,1,1,8043.890063
0,0,1,1,33402,17,13,89124,0,1,10193.08059
0,0,0,1,15479,90,84,56697,1,0,14903.83914
0,0,0,0,17982,73,51,52065,1,0,9625.035979
0,1,0,0,49673,23,28,239833,1,0,19319.62226
0,0,1,1,18700,30,34,78490,0,1,8096.444424
0,0,0,1,21059,42,52,115642,1,1,20582.73153
0,0,0,0,19225,79,75,71811,1,0,11738.91702
0,0,1,1,76818,13,14,246340,1,0,18364.88524
0,1,0,1,12616,80,62,57031,0,0,8819.660959
0,1,0,0,35916,17,21,132169,1,1,22732.21829
0,0,1,1,33999,95,99,245949,1,1,35096.32977
0,0,1,0,38213,42,29,338043,0,1,27467.93103
0,0,1,1,35147,19,18,106306,0,1,10597.60992
0,0,1,1,6744,12,9,26371,0,1,3115.42718
0,0,1,1,16928,10,10,85080,1,1,15044.39546
0,0,1,1,62920,27,30,216075,1,1,29230.15641
0,0,0,0,4594,76,79,25081,0,1,6347.182107
0,0,1,1,29370,23,27,143831,1,0,14397.39567
0,0,1,0,21590,34,21,77756,0,1,6808.504874
0,0,1,1,18171,33,34,128257,1,1,21128.28362
0,0,1,1,11026,142,165,54051,0,1,12749.13256
0,1,0,1,27952,13,16,107788,1,0,14240.70685
1,1,0,1,21526,11,12,58430,0,1,13134.84644
0,0,1,1,15825,11,13,59235,0,1,7629.090292
0,1,0,0,24708,68,64,179604,0,0,9458.421442
0,0,1,0,6608,35,34,28620,1,0,7657.136936
0,1,0,1,36287,16,19,112196,1,1,19856.81149
0,0,0,1,33094,66,55,100932,0,0,5185.256598
1,0,1,1,4383,83,96,30708,1,1,17481.04576
0,0,0,1,3176,38,22,13208,1,1,7630.788895
1,0,1,1,7792,48,49,65744,1,1,21119.4915
0,0,1,0,5292,15,13,21678,0,0,1678.447341
0,0,0,1,9937,56,50,55617,0,1,6276.100271
0,1,0,0,24133,40,50,93204,0,0,6579.419624
0,1,0,1,26263,20,25,70868,1,1,15935.48222
1,0,1,0,38842,16,12,126003,1,1,23245.99828
1,0,0,1,5995,46,57,41312,0,1,11022.39004
0,0,1,1,20999,84,64,65775,0,1,8633.419379
0,0,1,0,7930,47,37,41473,1,0,8780.115203
0,0,1,0,32635,19,20,107181,0,1,11260.84271
0,1,0,1,24506,14,9,82940,0,0,6434.636636
0,0,0,1,23291,27,19,84287,1,0,10648.04763
0,0,1,1,8595,126,113,23124,0,1,8794.347788
0,0,1,1,11123,51,32,41222,1,1,12292.45826
0,0,0,1,21949,56,62,59551,1,0,11770.64662
0,0,1,1,65556,143,119,181708,1,0,20077.4196
0,0,0,1,3153,34,36,21218,0,0,1691.743608
0,0,1,0,40992,43,29,120675,0,0,5962.412434
0,0,1,1,14999,38,41,117742,0,1,14147.67247
0,0,1,1,7797,31,26,20878,0,0,1364.936583
0,0,0,0,4365,170,203,22037,1,0,16981.36868
0,0,0,1,3718,24,20,21031,1,0,6464.915122
1,0,1,0,47892,41,45,208753,0,1,22672.5671
1,0,1,1,41496,19,16,188159,1,1,32056.56452
0,0,1,1,11782,42,40,36314,0,1,5456.59679
0,0,1,1,15526,73,67,46628,0,0,4740.708498
0,0,1,1,9601,10,12,27481,0,1,2577.495205
0,0,1,1,22798,41,25,66720,1,1,13955.58479
0,0,1,1,5365,22,27,26066,0,1,4995.809424
0,1,0,1,3045,131,101,21883,0,0,8470.103969
1,0,0,1,142325,47,49,396317,1,1,51419.71823
1,1,0,1,9976,18,20,51091,0,1,11592.21297
0,0,1,0,15861,17,21,104855,0,0,4686.019904
0,0,1,0,18104,36,27,164427,1,0,15162.89897
0,0,0,1,106731,103,84,387171,1,0,28861.64052
0,0,1,0,17323,52,46,65568,0,1,7747.679224
1,0,0,1,15095,105,124,54340,0,1,15752.30457
0,0,1,0,19925,19,15,156070,0,0,4339.93969
0,1,0,1,28974,92,72,110336,1,0,17146.50535
0,1,0,1,6453,156,187,17014,1,0,15899.73864
0,0,0,0,1647,29,34,14242,0,1,2675.457403
0,0,1,1,29419,19,13,146931,0,0,6868.147956
0,1,0,1,5531,38,40,14398,0,1,7639.256995
0,0,1,1,55573,31,29,165848,1,1,26572.05176
0,0,1,1,6886,129,106,17220,0,1,6543.552993
0,0,0,1,21029,128,93,91299,0,1,12639.67366
0,1,0,1,2810,535,407,15503,0,0,21445.05937
0,0,1,1,10824,25,23,42483,0,0,2736.140569
0,0,1,1,89014,109,140,269738,0,1,29168.27255
1,0,0,1,132855,77,59,335574,1,0,28664.11676
0,0,1,0,6807,32,27,25433,1,1,9820.295287
0,1,0,1,23915,38,30,158725,1,1,23856.34284
0,1,0,1,13930,131,112,65562,1,0,16241.99888
0,0,1,1,107773,40,42,346802,1,0,25373.13155
0,0,0,1,36663,32,33,112622,1,1,17939.21897
0,1,0,1,8902,104,130,43286,1,1,18184.09885
0,0,1,0,97203,39,42,288126,1,1,36123.32499
0,0,1,1,55789,95,60,362323,1,1,43607.018
1,0,0,1,6370,68,63,51541,1,0,14975.50384
0,1,0,1,34325,69,69,116687,1,0,18127.12363
1,1,0,0,5632,34,40,30658,1,0,13068.91705
1,0,1,1,47377,34,42,129626,1,0,18042.88613
0,0,0,1,21329,12,12,54067,0,1,4810.106068
0,0,0,1,43377,106,67,166282,1,0,16043.1834
0,0,1,0,6150,75,54,47342,0,0,4809.24011
1,0,1,0,6274,25,31,48622,0,1,9585.262451
0,1,0,1,12858,18,11,119528,1,1,20842.74918
0,0,0,1,27159,17,15,134303,0,0,4998.686659
0,0,0,1,61431,16,14,241590,1,1,30281.73375
1,0,0,1,12073,32,40,67400,0,0,9195.50682
0,0,1,0,21109,25,26,147722,0,1,12990.02835
0,0,1,1,5826,231,270,22805,1,1,18310.04886
0,0,0,1,4372,43,46,23236,1,0,8068.479679
0,0,1,0,4162,62,66,25960,0,0,2139.823082
0,0,0,0,16024,13,8,52378,1,1,10904.29261
0,1,0,0,4397,55,36,34740,0,1,5827.637873
0,1,0,1,55877,40,35,246428,1,0,20483.00682
0,1,0,0,74493,27,21,299245,1,1,37353.16765
0,0,1,1,20592,20,15,144860,1,0,13779.91158
0,0,1,1,17654,37,27,161052,0,1,14308.17281
0,1,0,1,18912,49,53,89464,1,0,15859.34335
0,0,1,0,28673,113,82,242562,1,1,32562.24665
0,1,0,0,51176,62,52,140044,1,0,16471.73165
1,1,0,1,59946,74,74,244004,1,1,40497.96124
0,0,1,1,13579,180,211,38702,1,0,16523.06401
1,0,1,1,28764,71,66,88237,0,0,10473.37958
0,0,1,1,7113,51,45,24939,0,1,5621.495511
0,0,0,0,44746,82,86,143547,0,1,16116.64649
1,0,1,1,13932,20,17,80535,1,1,18253.09563
0,1,0,1,13314,79,82,82226,0,1,12864.58506
0,0,1,1,2698,10,11,22466,1,0,9765.044709
0,0,1,1,6696,18,15,16756,0,0,1610.197453
0,0,1,1,18693,77,91,85722,0,0,8291.163787
0,1,0,0,79104,150,98,277467,1,0,26538.01097
0,0,1,1,3610,171,207,28817,0,1,12939.36505
0,0,1,0,56810,78,69,250355,1,0,20643.79915
0,0,0,1,13651,35,43,92141,0,1,10595.26695
0,0,0,0,181671,14,13,456529,1,1,51924.83565
0,0,1,1,67999,16,16,251152,1,1,31213.60214
0,1,0,0,25672,16,14,93188,1,0,12642.9538
0,0,1,1,36456,40,48,117070,0,0,6927.236082
0,0,1,0,14293,26,31,57400,0,1,5814.425667
0,0,1,1,44035,12,8,180498,0,0,7340.06039
0,0,1,1,18056,44,36,70973,1,0,12523.29614
1,0,1,0,7446,57,54,62155,0,0,8267.670198
0,0,0,1,60483,67,65,311253,1,1,40723.91115
0,0,1,1,7166,39,47,20130,1,1,9371.622527
0,0,1,1,41540,35,36,119009,0,1,14220.32201
0,0,1,1,5214,27,31,20180,0,0,2267.005255
0,1,0,1,28456,111,77,84648,1,0,14936.89896
0,0,0,1,63025,244,184,244034,0,1,29132.85827
0,0,1,1,26422,42,50,78664,0,1,9850.210724
0,0,1,1,7722,106,69,31439,1,1,13160.67895
0,0,1,1,6694,47,33,17661,0,1,5902.711888
0,0,1,0,16144,49,63,130026,1,0,14066.81751
0,0,1,0,47156,125,108,203387,1,1,30241.19053
0,0,1,1,8336,25,22,26640,0,0,3632.90825
0,0,0,1,17564,121,75,136194,0,0,8156.040297
0,1,0,1,15949,33,23,105290,0,0,7177.14562
1,0,1,1,10062,35,33,52179,1,0,14583.99348
0,1,0,1,9108,92,77,34421,0,0,8403.453102
0,0,1,1,26039,66,71,81208,0,1,11195.85353
0,0,1,0,9249,43,51,46714,1,0,11168.71204
1,0,0,1,17134,83,59,80182,1,1,20948.36407
0,0,1,1,180249,53,45,523072,1,1,59799.16955
0,0,1,1,34393,11,10,127796,0,0,5156.378765
0,0,0,1,34886,36,40,267997,0,1,23392.26768
0,0,0,1,29790,64,76,102901,1,0,14147.29512
1,0,1,1,10440,10,11,30476,0,0,6164.337526
0,1,0,0,5732,101,111,19706,0,1,9219.297591
0,0,0,0,13071,103,113,41131,0,0,5684.753484
0,0,0,1,10572,16,15,53019,1,0,9111.931717
0,0,1,0,8155,63,56,35718,1,0,10277.30621
0,0,0,0,37613,79,65,111708,1,0,13816.50717
0,0,0,1,21993,144,98,71301,1,1,17817.12326
1,0,1,1,2708,92,92,12849,1,0,16609.08389
0,1,0,1,26275,34,30,67361,0,0,5067.939335
0,1,0,1,1805,40,49,10101,0,0,4233.988521
1,0,0,0,4465,23,25,39431,1,0,12541.37395
0,0,1,1,19104,185,148,63023,0,0,8468.373517
0,0,1,1,15114,14,16,118715,0,1,10159.10407
0,0,1,1,5579,131,85,40869,1,0,11627.39836
1,0,0,0,7080,25,32,35339,1,0,12927.24394
0,0,0,1,24857,45,38,124626,0,0,7304.186619
0,1,0,1,62020,13,15,186338,1,0,19648.6002
1,0,1,1,36893,15,16,285473,1,1,41386.39792
0,0,1,1,39103,82,97,139197,1,1,25824.9784
0,0,0,1,45474,58,73,150931,1,0,16145.67606
0,0,1,1,2976,66,80,10166,0,1,5360.752999
0,0,1,0,1556,10,11,11288,0,1,3080.489274
0,0,0,1,11294,30,33,112288,1,0,11639.04193
0,0,1,1,88673,59,68,354861,0,1,32723.36488
0,0,1,0,24787,30,20,116506,0,1,11147.73518
1,0,0,1,31224,160,200,144355,1,1,32341.84295
0,0,1,1,70994,84,73,278699,1,1,38448.55502
0,0,1,1,17925,11,7,73279,0,1,7830.856999
0,0,0,1,11086,47,39,39742,1,0,7762.919592
0,1,0,1,22586,37,47,67962,0,0,6274.782362
0,0,1,1,9337,49,36,24599,0,1,6195.65709
0,0,1,1,4106,14,15,13447,0,1,3287.837466
0,0,0,1,2820,11,13,11436,0,1,3141.438092
0,1,0,0,3473,28,19,15797,0,0,2367.974069
0,0,1,1,62198,18,12,162238,0,0,8267.460899
0,1,0,1,12529,136,129,100303,1,1,23611.31726
0,0,1,1,17934,213,223,48109,0,0,13133.45761
1,0,0,0,26517,27,33,68723,0,0,9594.085757
1,0,1,1,84183,47,55,211681,1,0,21632.58762
1,0,0,1,6616,23,14,30771,0,0,4529.899662
0,0,0,0,19834,57,43,71494,1,1,15139.6409
0,1,0,0,2920,16,13,10914,1,0,7605.428215
0,1,0,1,71548,95,66,246262,1,1,34952.13563
0,0,1,1,7136,30,29,29883,0,1,5157.582288
0,0,0,1,30996,28,25,77894,0,1,9597.463865
1,0,1,1,4381,16,15,23762,0,1,7237.045021
0,0,1,0,48086,13,11,134061,1,1,20640.76421
1,0,1,1,13047,43,44,50236,0,0,9437.606288
1,0,0,0,20779,30,29,58572,0,0,6832.944493
0,0,0,1,3701,100,82,14786,0,0,5994.344433
1,0,1,0,105657,23,16,365657,1,0,27892.79878
0,0,1,1,51015,186,172,130256,1,1,26391.25123
0,1,0,0,9247,92,114,75889,0,1,13929.84848
0,1,0,1,16894,58,46,98446,0,0,7199.232341
0,0,0,1,77983,106,105,240548,1,1,34452.27461
0,0,1,1,43922,34,24,317542,1,1,38424.33029
0,0,0,1,101715,58,52,441327,1,1,52058.55769
0,1,0,1,65186,66,54,181351,1,0,21550.5332
0,0,1,1,34484,12,13,133730,1,1,22621.54606
1,0,1,0,2263,10,6,22627,0,0,5749.223418
0,0,1,1,36360,81,78,162718,1,0,17983.01013
0,0,0,1,42258,83,59,226327,1,1,32179.11067
0,0,1,1,23536,36,28,107698,0,0,4986.290485
0,0,0,0,4772,93,74,31472,1,1,12786.3002
0,0,0,1,8391,107,77,21257,1,0,11037.04497
0,0,1,1,19917,69,48,111687,0,0,5879.647635
0,0,1,1,53873,39,37,164836,1,0,17266.07837
0,0,1,0,2276,10,10,11649,1,0,4619.491361
1,0,1,0,7709,53,61,37189,0,1,9916.962461
0,0,1,1,2692,14,16,14203,0,1,2161.660276
0,0,1,1,90742,97,107,579829,1,1,70405.60593
0,1,0,1,14130,45,51,59812,0,1,10011.99584
0,1,0,0,119865,52,31,450829,1,1,54908.52665
1,0,1,1,24101,35,42,77767,0,1,13610.06466
0,0,1,1,6533,65,56,32288,0,1,5449.408473
0,0,0,0,103019,32,37,336370,1,1,39979.63889
0,0,1,1,84538,50,50,261351,0,1,23226.09424
0,0,0,0,20640,14,10,55757,0,1,4643.135404
1,0,1,1,11230,14,11,104708,0,0,8611.12893
0,0,0,0,16160,10,9,89259,0,0,3531.240563
0,0,0,1,19215,18,13,148376,1,1,21817.54653
0,0,1,1,4843,25,26,31145,0,1,5595.403592
0,0,1,1,20410,29,27,133682,1,1,21018.41974
0,0,1,1,49747,11,10,150840,0,0,7639.384949
0,0,1,1,14819,15,12,47163,1,0,9710.63789
0,0,1,1,21792,211,136,131719,0,1,16740.27343
0,0,0,0,35220,27,21,184873,0,0,6516.061032
0,0,1,1,6192,41,43,17203,1,1,10457.70207
0,0,1,0,27843,184,160,77525,0,0,10263.97187
0,0,0,1,19419,103,100,65629,0,0,8372.933098
0,1,0,0,4127,10,8,12863,0,1,5745.206084
0,0,1,1,47825,23,15,174200,1,0,16693.90473
1,0,1,0,7680,111,89,61748,1,0,16859.57223
0,0,1,1,95504,82,60,303089,1,1,39591.00952
0,0,0,0,17615,16,9,102904,1,1,15570.84483
0,1,0,1,12249,97,107,39792,0,0,10507.14384
0,1,0,1,14642,57,63,74178,0,0,9045.136014
1,0,0,1,9785,14,9,26468,0,0,4921.146726
0,0,0,0,5737,16,14,46649,0,1,3290.437078
0,0,1,1,23504,67,40,83551,1,0,11067.72266
0,0,1,1,20753,46,28,53095,0,0,4100.066835
0,0,1,1,8840,29,36,72334,0,0,4716.348468
0,0,1,1,39863,58,67,210389,1,1,31346.13915
0,0,0,0,9049,68,63,35945,0,0,2342.322272
0,1,0,1,17463,66,47,140023,1,0,16650.33293
1,0,1,0,8275,19,16,21935,0,0,6043.553795
0,0,1,0,37609,76,93,186672,1,0,18216.06353
0,0,1,1,10049,100,68,53619,1,1,15951.4408
0,0,1,1,10942,125,154,33710,1,0,15178.07679
0,0,0,0,72978,46,39,189662,1,1,25200.70828
0,0,1,0,12363,27,22,31227,1,1,9139.886332
1,0,1,0,27289,36,31,121945,1,0,16779.91344
0,0,1,1,7667,44,47,46684,0,1,6629.553622
0,0,1,0,8679,18,11,28879,0,0,2725.168602
1,0,1,1,22840,11,6,126504,0,0,9502.755081
0,1,0,1,9708,89,59,45745,0,0,5006.419232
1,0,0,0,26739,81,87,120447,0,0,10819.49251
0,0,0,1,56503,53,48,146965,1,1,21664.35844
0,0,1,1,1995,112,104,15256,0,1,6100.597739
0,0,0,1,35938,19,20,95950,0,0,4656.715179
1,0,0,1,4312,38,41,30816,0,0,8202.154684
1,0,1,1,11240,13,14,61523,1,0,14287.6097
1,0,1,1,12051,95,114,32497,1,0,17091.29017
0,1,0,1,14072,25,16,134313,1,0,13281.92333
1,1,0,0,10772,30,20,43592,0,0,8978.875867
0,0,1,0,29398,71,72,103500,0,1,12218.00156
0,0,1,1,2009,82,83,13299,0,1,6398.359921
0,0,1,0,55019,75,65,151204,0,1,15393.43583
0,0,1,1,8024,117,117,24001,1,0,12216.88022
0,0,1,1,3163,16,10,29186,0,0,3243.766223
0,0,0,0,9121,17,18,84477,0,0,3859.295896
0,0,1,1,4566,56,40,13178,0,0,4549.874946
0,0,1,1,49437,46,44,228672,1,0,18526.7485
0,0,1,1,52486,15,10,140954,0,0,5858.523325
0,0,1,1,69370,114,103,184808,0,1,20807.66651
0,0,0,1,9789,156,197,28010,0,1,13530.65248
0,0,1,1,8656,80,95,43736,1,0,12710.58625
0,0,1,1,21175,48,48,102315,1,0,12091.04998
0,1,0,1,7702,292,312,26266,1,0,22859.58487
1,0,1,0,60376,124,104,157177,1,1,31904.76107
0,0,0,0,58435,60,41,191337,0,1,17286.22888
1,0,1,1,3496,125,161,16201,0,0,12469.58864
0,0,1,1,7388,40,48,20111,0,1,5416.301687
0,0,1,0,10081,104,76,25349,1,0,7577.97488
0,1,0,1,59263,45,33,159316,1,1,26015.1458
0,0,1,1,39850,117,126,266732,1,1,38457.41874
0,0,1,1,124422,30,24,426440,0,1,37135.08325
1,0,1,1,23914,30,35,130900,0,1,16918.90171
1,0,1,1,7699,27,25,33783,1,0,14934.28956
1,0,1,1,78624,80,97,213882,1,1,36116.57596
0,0,1,0,17187,53,60,96134,0,1,10323.35981
0,1,0,1,54043,18,22,213215,1,1,31239.19889
0,0,0,0,26325,47,33,152157,1,1,21319.23994
1,0,1,1,42241,21,25,253465,1,1,36720.15919
0,0,0,1,5858,15,10,17547,0,0,866.5027041
1,0,0,1,6384,102,72,35227,1,0,14702.80333
0,0,1,1,2786,21,17,12121,0,1,2258.131151
0,0,0,1,82116,31,37,456050,1,1,51880.29928
0,0,1,1,24232,142,88,157885,1,0,18343.63045
1,0,1,1,2620,45,30,26001,0,0,5512.498855
0,0,1,1,3921,31,24,14241,0,0,3313.33739
1,0,0,1,118363,143,147,304508,1,1,47852.08547
0,1,0,1,21732,11,12,66918,0,1,8795.355976
0,0,1,0,8770,50,42,82729,1,1,15661.76372
1,0,1,1,3432,28,20,17932,1,0,11402.19819
1,0,0,1,6756,45,34,34062,0,0,8351.665632
0,0,1,1,30137,74,73,117713,0,0,7571.36749
0,0,0,0,48923,25,27,131711,0,1,12597.96129
0,0,0,1,10364,36,33,35162,0,0,2499.167204
0,0,1,0,15403,11,8,47092,1,1,11240.48073
0,0,1,1,5730,213,267,47487,0,0,12059.02577
0,0,0,0,27791,50,47,117492,0,0,5134.198316
1,0,1,1,11571,23,21,53433,0,1,10629.10275
0,0,1,1,6523,43,36,18816,1,0,9464.520369
0,1,0,0,37292,42,42,96920,0,0,7979.394504
0,0,0,1,91266,90,57,287031,1,1,36334.68281
0,0,1,1,25181,241,297,70897,1,1,27973.15607
0,0,1,1,15019,50,55,38278,0,1,6338.094915
0,1,0,1,5511,12,14,48863,1,1,11006.59102
1,0,1,1,29488,58,47,125085,1,1,26038.79802
0,0,1,1,32206,38,36,284796,1,1,36645.63815
0,0,0,1,124635,35,41,368727,1,1,45373.57403
0,0,1,0,12544,20,20,91212,0,1,8654.983774
0,1,0,1,12907,12,13,71272,0,0,5779.293269
0,1,0,1,20808,156,121,58423,0,1,11890.29075
0,0,0,0,15182,96,94,91407,1,1,19539.92132
0,1,0,1,4417,18,20,15004,0,0,3937.913319
0,0,1,1,27261,39,35,89449,0,0,5573.486266
0,0,1,0,94970,138,145,270429,0,1,28266.38094
0,0,1,1,4418,21,16,13274,0,0,3095.427966
1,0,0,1,8841,37,22,33257,0,0,5563.593837
0,0,0,0,6372,51,36,25215,1,0,8733.23786
1,1,0,0,2144,43,38,14802,0,0,8901.799611
0,0,0,1,4515,23,23,38466,1,1,12135.37366
0,1,0,0,2454,39,33,16107,0,1,3831.361007
1,0,0,0,14352,102,88,45394,0,1,11339.28766
0,1,0,1,19537,106,102,87840,0,1,14775.65201
0,0,1,0,5145,45,50,25495,0,1,4170.850008
1,1,0,1,19614,69,56,57081,1,0,17970.53412
0,0,0,1,8633,49,62,74423,0,0,7596.227578
0,0,1,1,11846,78,90,54722,1,1,15920.2787
0,0,1,1,10003,78,67,26486,0,1,4266.673288
0,1,0,1,9625,29,27,31766,0,1,6432.659745
0,0,1,1,16926,13,12,99886,1,0,12412.85596
0,0,1,1,10846,12,13,62702,1,0,8862.558253
0,1,0,1,30862,11,10,141853,1,1,22100.80708
0,0,0,1,37431,17,14,100785,1,1,16670.66491
0,1,0,1,23443,63,61,150607,0,0,10265.69667
0,1,0,1,5254,45,39,16314,0,0,3674.955232
0,0,0,1,1484,74,83,10356,0,1,3749.068364
0,1,0,0,32211,61,61,169634,1,0,17965.99838
1,0,0,1,24262,18,22,114054,1,0,14901.1801
0,0,1,1,23411,52,34,61017,1,1,13705.96307
0,0,1,1,14557,31,29,48400,1,0,10045.32635
0,0,1,1,3612,31,39,15993,0,1,4451.110194
0,0,1,0,6048,74,91,26755,0,0,4823.024566
0,0,0,0,41713,38,31,127759,0,0,3579.628507
0,0,0,1,3755,110,81,31828,0,0,5080.331732
0,0,0,1,58730,11,13,156161,1,0,16838.31593
1,0,1,1,9946,23,18,25537,0,1,8450.373565
0,0,1,1,62638,29,34,201956,1,0,16353.64152
0,0,1,0,24886,35,31,140824,1,1,21353.98798
0,0,0,0,59675,79,49,172544,1,1,23784.014
1,0,1,1,22479,149,152,57507,0,0,14855.23627
0,0,1,1,6765,64,55,36235,0,0,3924.85708
0,0,1,1,4370,163,113,17863,1,0,13067.51613
1,1,0,0,32908,63,69,182030,1,1,31603.40384
1,0,0,0,44768,72,78,288131,1,1,41805.45738
0,0,1,0,51501,19,14,160081,0,1,13253.74293
0,1,0,1,37973,12,9,118758,0,0,9247.633942
0,0,0,1,41362,21,26,126915,0,1,12458.48419
0,0,1,1,100158,397,323,274719,0,1,37514.29356
0,0,1,1,13531,68,68,41268,0,0,7088.813884
0,1,0,1,10693,39,38,52841,1,1,15146.54356
0,0,1,0,9508,55,39,66334,0,1,5978.721145
0,0,0,1,6476,64,80,23459,0,1,7550.86325
0,0,1,0,11469,29,35,54717,0,0,3341.823071
0,0,1,1,50873,17,12,193027,1,1,26327.42469
0,0,0,1,19255,198,216,48928,0,0,9853.256899
0,0,0,0,68221,157,133,184800,1,0,18208.87536
0,0,0,0,6760,42,49,52894,1,1,10408.71595
1,0,1,1,10816,85,53,27988,0,1,9306.015641
0,0,1,1,13410,17,19,60339,0,0,2884.160011
0,1,0,1,20812,47,43,65449,0,1,9734.050914
0,0,1,0,10132,12,14,75928,0,0,2883.081314
0,0,0,0,59470,41,27,292631,1,1,36257.64003
0,0,1,1,112782,38,39,315258,0,1,27193.64001
0,0,1,1,20229,84,53,58026,0,0,5205.690894
0,1,0,1,17655,142,98,96204,1,0,15345.31194
0,0,0,0,18655,23,17,48163,1,1,10107.28003
0,0,1,1,55725,25,23,166714,1,0,17594.85795
0,0,0,1,8346,30,32,30487,0,0,3175.214083
1,0,0,1,24125,92,77,102457,0,0,11334.54085
0,0,1,0,6244,90,75,51526,0,0,4258.853967
1,0,1,0,13683,44,56,67320,0,0,8328.713237
1,0,0,1,6983,18,12,55021,1,1,14420.92728
1,0,0,1,24811,15,18,102213,0,1,14348.56177
0,0,1,0,44913,63,44,417163,1,1,47465.3412
0,0,1,0,4186,12,10,15928,1,1,8648.999344
0,0,1,1,3885,96,86,17580,1,1,10898.43799
1,0,1,0,10182,18,20,74347,1,0,12159.90168
0,0,0,1,11623,16,19,87554,0,1,7233.63393
0,0,0,1,37849,24,19,108781,1,1,17732.64553
0,0,1,0,26267,19,24,111482,0,0,5042.940727
0,0,0,0,36834,84,99,100638,1,0,15057.14152
0,0,1,1,11158,34,22,32180,0,0,4486.460688
0,0,1,1,41565,13,9,108630,1,1,17150.95795
0,0,1,1,8298,73,93,69506,1,0,11789.74401
0,0,1,1,10833,115,107,33468,0,0,5959.569767
0,0,0,0,13728,28,26,52748,0,0,2417.57566
0,0,1,0,43005,16,15,243471,0,1,19579.10068
0,0,0,1,23209,51,59,64592,0,0,6723.133299
1,0,1,1,24414,54,36,89895,1,0,16628.32527
0,0,0,1,12277,22,26,34947,0,0,4656.094392
1,0,1,0,38269,12,13,107397,1,0,15324.51276
0,0,1,1,20574,39,40,78478,1,0,9484.149855
0,1,0,1,8841,10,9,34104,0,0,5098.284531
0,0,1,0,9260,41,34,87200,0,0,3820.739798
0,0,1,1,21805,59,54,106506,0,1,11924.61423
0,1,0,0,27969,36,24,155298,0,1,15583.72657
0,0,0,1,16583,92,65,58958,1,0,12828.23697
1,0,1,1,72348,51,35,241828,0,1,26127.9543
1,0,0,1,14403,27,20,55228,0,0,6713.853191
0,0,0,1,22024,49,46,118816,1,0,14502.08795
1,1,0,1,62831,102,115,180594,1,1,35018.90603
0,1,0,0,82642,25,22,271759,1,0,20509.34615
0,0,1,1,37274,35,36,140684,0,0,7800.921691
0,1,0,0,52187,12,9,147369,1,1,20957.4076
1,0,0,1,2582,97,120,14821,1,0,15673.91672
0,0,1,1,11106,102,80,49998,0,0,5621.031559
0,0,0,1,11587,125,114,69017,0,0,9156.330752
0,1,0,1,41123,62,71,225071,1,0,21751.17177
0,0,1,1,4741,100,74,39316,1,0,11367.81931
0,0,1,1,2983,24,18,12027,1,0,7367.999154
0,0,1,1,67185,19,23,592031,1,1,66294.40273
0,0,1,1,13886,111,107,58209,1,1,15133.085
0,0,1,1,4282,70,47,10741,0,1,5618.644444
0,0,1,1,14278,49,47,50781,1,1,13386.88583
0,1,0,0,33723,16,20,230303,1,1,31614.4348
1,0,0,1,108490,49,36,285019,1,1,40717.37495
1,1,0,1,12425,101,107,31355,1,0,18790.94691
1,0,1,1,37843,13,10,159448,0,0,10230.59352
0,0,1,1,4886,22,23,18308,0,0,3440.503781
0,0,0,1,24118,22,23,85655,0,1,9020.869609
0,0,0,1,41197,71,85,106057,1,1,19384.67619
0,0,0,1,36730,86,57,118542,0,1,12495.46075
1,0,1,1,6270,39,38,35737,0,0,8370.509775
0,0,0,1,48090,39,41,194165,1,0,17499.98951
0,0,1,1,4196,46,37,28286,1,1,9859.146847
0,1,0,0,7210,35,44,49912,0,0,5967.841137
0,0,1,1,4610,18,22,24152,1,0,7881.626501
0,0,1,1,82500,149,125,207800,1,0,21643.22548
0,0,1,1,3152,68,82,15647,0,0,5102.757612
0,0,1,0,3001,113,104,12047,0,1,4998.714087
0,0,0,1,36290,11,13,189870,0,1,18641.16406
0,0,1,1,13968,257,311,66876,0,1,19960.93409
0,0,0,1,7859,46,43,39429,0,1,7089.908942
0,1,0,1,51940,178,174,292856,0,1,31379.32219
1,0,1,1,40464,26,24,185851,1,0,19645.23798
1,0,0,1,5855,22,15,41749,1,1,13650.70235
1,0,0,0,20478,70,55,73767,0,0,7603.842548
0,0,0,0,12950,20,14,63673,1,1,11390.60223
0,0,1,1,50706,185,191,259323,0,1,29831.33311
0,0,1,0,12336,66,47,65794,0,0,5295.01662
0,0,1,1,23842,37,33,92404,1,0,12156.37941
0,0,0,0,5618,19,22,14347,1,1,5903.90688
0,0,0,1,28132,93,117,74672,0,0,6671.775593
1,0,1,1,12270,17,22,31254,0,1,8959.680159
0,0,0,1,35356,124,107,100331,0,1,12764.66444
0,1,0,1,39636,23,23,139884,0,1,13465.12537
0,1,0,1,14221,143,151,51248,1,0,19010.06087
1,0,0,0,4411,17,17,14701,1,0,10443.93574
0,0,1,1,35540,19,23,111631,1,0,14659.38464
0,0,0,1,2436,78,53,11520,0,0,3432.258329
0,0,1,1,10278,119,122,64211,0,0,9013.157714
0,0,1,1,23473,30,28,60043,1,1,13186.55818
0,1,0,1,32605,62,53,130204,1,0,17086.88052
1,0,1,0,5443,51,53,29779,1,1,12891.60928
0,1,0,1,12287,14,11,32485,1,0,10804.32922
1,1,0,1,16551,14,13,72707,0,0,10831.10914
0,0,0,0,112485,37,33,294377,1,0,20969.14879
1,1,0,0,43867,15,15,178062,1,1,29001.08064
0,0,1,0,74769,18,20,211482,1,1,27140.0278
1,0,1,1,41708,229,147,125470,0,1,21229.99095
0,1,0,1,14132,32,23,73589,0,1,9436.539748
0,0,1,1,1645,42,29,10561,1,0,7917.72614
0,0,1,0,12549,76,57,38509,0,0,4186.247555
0,0,1,1,41952,132,123,159724,1,0,19038.30905
0,1,0,1,57496,28,30,180825,1,0,18473.04575
0,0,0,0,57708,43,55,188921,0,0,8200.044385
0,0,1,1,26207,63,72,105094,1,1,19052.52686
0,0,1,0,87395,14,11,265685,1,1,31667.2133
0,0,0,0,31288,62,66,128180,0,0,7876.537537
0,0,1,1,22486,28,32,186502,0,1,17617.60425
0,1,0,1,62431,23,29,170763,1,1,26957.69292
0,0,1,1,16166,22,28,47458,0,0,4414.542295
1,0,0,0,10481,66,84,34409,0,1,9644.67258
0,0,1,1,11046,68,54,39023,0,0,4836.424456
1,0,1,0,5716,33,27,18758,1,0,10680.46847
0,0,1,1,31073,177,135,120287,0,0,10224.81206
0,0,0,1,18683,128,151,93074,1,0,18355.78078
0,1,0,1,36027,50,32,153666,0,1,17033.61914
1,0,0,1,57356,59,69,270515,1,1,38720.5649
1,0,1,1,17026,72,65,68146,0,1,12469.49981
0,0,0,1,10509,25,27,35371,0,0,3850.495537
0,0,1,1,71571,18,20,243258,1,1,32101.21364
0,0,1,1,18663,33,38,111100,0,0,7038.626683
0,0,0,1,3083,69,54,16495,1,0,9018.927033
0,0,0,0,8970,14,11,84745,1,1,13071.80872
0,0,0,1,31243,68,54,136917,1,1,23749.7002
0,0,1,1,17250,29,24,60243,1,1,13029.4313
0,0,1,1,4554,18,17,13039,0,0,4193.71714
0,0,0,0,13831,69,76,90289,0,0,4992.113273
0,1,0,0,44217,42,51,130825,1,0,16737.69932
0,0,1,0,10513,29,34,27477,1,1,10363.02502
0,0,0,0,15967,39,35,89785,1,0,10216.49236
0,0,1,0,3019,13,8,15849,0,1,1918.472293
0,0,1,1,7839,127,112,66145,1,1,17110.84006
1,0,0,1,46790,28,29,202190,0,1,23053.75214
0,0,0,1,25059,84,95,101515,0,0,8605.208523
0,0,0,1,60204,67,83,290129,1,1,38259.78067
0,0,0,0,5553,37,31,24958,0,1,3215.696532
1,1,0,0,2635,176,170,10540,1,0,18151.19212
0,1,0,1,11919,73,94,116933,0,1,16588.51885
0,0,1,1,44548,78,49,139936,1,0,16430.5856
0,1,0,1,12196,72,58,54559,0,1,10381.80894
0,0,1,0,30518,58,48,85608,1,1,14940.5702
1,1,0,1,11235,15,16,33761,0,1,8618.757569
0,0,1,0,16918,24,20,49967,0,0,2205.347793
0,0,1,1,51551,19,23,228340,0,1,19487.9771
0,0,0,1,1161,137,126,10110,0,0,6438.150315
0,0,1,1,23339,10,6,121433,1,0,11475.91936
0,0,1,1,11747,13,14,30759,0,0,3952.418228
0,0,0,1,38292,17,19,276460,1,1,32961.26813
0,0,0,0,9385,14,12,24120,0,1,2150.764164
1,1,0,1,22095,90,88,186400,0,1,24938.68313
0,0,1,0,4524,52,57,11477,1,1,8481.162147
0,0,1,0,3590,84,65,17743,0,0,3901.467895
0,0,0,0,57173,69,81,194397,1,0,18470.39534
0,0,1,1,11691,12,10,30587,0,0,2445.971539
1,0,0,1,43341,132,82,119059,0,0,12205.08601
1,0,1,1,39893,27,23,118939,0,1,15217.28724
0,0,0,1,43130,25,25,155603,1,1,22927.8039
0,0,1,1,2432,20,22,10707,0,1,3579.826911
0,0,0,1,4616,99,94,14943,1,0,11813.63627
0,0,0,1,43744,20,19,123561,0,1,12900.7674
0,0,1,0,19166,84,96,164619,1,1,24497.47256
0,0,0,1,12244,106,114,47774,0,1,9585.584733
0,0,1,1,48686,60,76,335624,1,1,41627.81473
0,0,0,1,14376,59,75,39382,0,1,6177.235708
0,0,0,1,23822,21,17,70596,0,1,7828.339295
1,1,0,1,5162,132,119,51026,1,1,22679.74804
1,0,1,1,97206,70,85,288765,1,0,28145.2671
0,0,0,1,7972,56,71,20187,0,0,4358.590607
0,0,1,0,119282,111,73,381223,1,1,48825.15791
1,1,0,1,48188,36,24,166317,0,0,13475.01085
1,0,1,1,21309,75,93,96090,0,0,12753.54049
0,1,0,1,59161,10,9,177549,0,1,17060.57066
0,0,1,0,18220,34,28,95970,0,1,8836.230462
0,0,0,1,58011,81,84,164011,0,1,19483.50593
0,0,1,1,14562,27,31,50186,0,0,4372.063859
0,0,0,1,30014,276,295,205223,0,1,29953.98746
0,0,1,0,25956,43,36,207341,1,0,17356.96793
0,1,0,1,23191,55,62,115530,1,0,17237.24459
0,0,0,1,63723,18,17,277788,1,1,33984.33364
0,0,1,1,34485,23,26,94661,1,0,12052.66583
0,0,0,1,10832,89,80,36405,1,0,11457.6029
1,1,0,1,3425,11,7,20511,1,1,14623.94369
0,0,1,1,48257,25,16,138281,1,1,21028.4986
0,0,1,1,13363,39,44,44636,0,0,6198.280838
0,0,1,1,11948,48,45,78276,0,0,8591.515014
0,0,1,1,24625,80,81,154873,0,1,17730.1473
0,0,0,0,20477,22,24,150152,0,1,12872.69707
0,0,1,1,54552,52,58,178123,0,0,9448.094145
0,0,1,1,12774,91,103,38037,0,0,6335.50074
0,0,1,1,4302,23,18,37911,1,1,11050.47634
0,0,1,1,25692,110,93,107027,1,0,15720.36657
0,0,0,1,12288,91,66,85794,1,1,17085.61706
1,0,0,0,31423,61,69,149848,1,1,26623.66442
0,1,0,0,47336,48,50,199343,1,0,20241.82221
0,1,0,1,56979,15,13,223319,1,1,30246.84776
0,0,1,0,42895,11,8,409816,1,0,27934.82979
0,0,1,1,27340,60,45,199973,1,1,28643.98619
0,1,0,1,18050,96,73,46960,0,0,7386.644608
0,0,1,1,17590,117,111,64199,1,1,16801.29799
0,0,1,1,73270,51,35,210451,1,0,17615.61941
0,0,1,0,19700,60,40,52203,0,0,3702.353016
1,0,0,1,62574,15,17,211830,0,0,10518.47624
0,0,1,0,14416,124,114,61017,0,1,10537.92488
0,0,0,1,3721,61,71,18761,0,0,4274.035841
0,1,0,0,32014,39,34,168779,1,1,22833.47745
0,0,1,1,3085,10,11,17143,0,0,1725.572935
0,0,1,1,7698,67,67,21786,0,1,4493.399538
1,0,0,1,25514,16,18,79330,0,0,8614.599349
0,0,0,0,80766,13,8,409216,0,1,32385.27363
0,0,1,1,9472,23,15,70972,0,1,7159.863106
0,0,1,1,14786,173,120,51263,0,1,9207.940664
0,0,1,1,12143,16,10,84849,1,1,15010.17268
0,0,1,1,34725,35,31,151778,0,1,15802.91663
0,1,0,1,38681,25,17,234451,1,1,30319.0011
1,0,0,1,89769,32,22,267633,1,1,38036.22259
0,0,1,0,25641,13,11,69995,1,0,11522.14837
1,1,0,1,44697,79,56,237676,1,0,25230.62232
1,0,1,1,32141,13,7,126438,1,0,16778.87418
1,1,0,1,22923,268,312,194055,1,1,43769.61503
0,0,0,0,2684,77,58,17673,0,0,3511.944554
0,0,0,1,9460,68,52,68510,0,0,5695.145297
0,0,0,1,12360,14,14,67594,0,0,3685.758896
1,1,0,1,53037,21,15,211044,1,0,24571.00018
0,0,0,1,34956,153,147,142812,0,1,19931.75744
1,0,1,1,20072,111,98,108150,0,1,19529.78425
0,1,0,1,8014,109,120,52152,1,1,19136.5617
0,0,1,1,18900,11,7,74524,0,0,4241.815778
1,0,0,1,41220,50,44,275648,1,1,39463.25931
0,0,0,1,12064,114,141,58648,0,0,7356.327876
0,0,0,1,2348,66,61,11965,0,0,3747.519848
0,0,1,1,50879,130,115,278253,1,0,25501.66844
0,0,1,1,106257,60,42,273111,1,1,34219.61616
0,0,1,1,19632,77,82,130469,1,0,15473.29918
0,1,0,0,11690,19,15,111676,0,0,6369.082518
0,1,0,1,32570,45,34,110579,1,0,14653.6345
0,0,1,1,8791,34,27,22367,1,1,9900.519725
0,1,0,0,16224,40,27,40810,1,0,10836.31695
1,0,1,1,70877,37,38,182144,0,0,10354.31599
0,1,0,0,43168,11,12,164172,1,0,17868.72587
0,0,0,1,5976,33,30,22015,0,0,2909.544956
0,1,0,0,37102,21,20,102313,0,1,13090.73802
0,1,0,1,23036,43,49,80175,1,1,17671.33507
1,1,0,1,23049,99,122,63075,1,1,23058.83592
1,0,0,1,4835,60,44,21741,0,1,8089.685727
1,0,1,1,12372,18,20,73617,0,0,7871.632576
0,0,0,0,167714,32,19,532991,1,1,59494.49477
0,0,0,0,23597,18,20,111714,0,1,10550.17236
0,0,0,1,3226,66,47,29406,0,0,3692.980006
0,0,1,0,32170,156,162,206448,0,0,13529.61913
1,0,0,1,95361,130,121,325754,1,1,48460.80509
0,0,0,0,64591,109,98,284399,1,0,23513.40276
0,1,0,0,4407,72,49,20032,1,0,11115.66682
1,1,0,1,18638,97,73,114884,1,1,26747.56274
0,1,0,1,82656,32,27,226035,1,1,31697.45921
0,0,1,0,9507,26,15,92186,1,0,11675.94125
0,0,1,0,32765,53,56,91646,1,0,12127.16554
0,1,0,1,9417,41,38,24161,1,1,13055.80096
0,0,1,1,9982,115,131,96959,0,1,13698.22229
0,0,1,0,38505,33,27,134791,0,0,4399.388273
0,0,0,0,63185,43,28,213695,0,1,17689.83084
0,1,0,0,16589,56,34,73505,1,0,12810.15442
0,0,0,1,27012,20,24,73207,0,0,4864.281094
0,0,1,1,9818,33,38,77656,0,0,6199.903732
0,0,0,1,14712,31,35,40750,0,0,2730.122799
0,0,1,1,21903,40,46,81450,1,0,13859.8355
0,0,1,0,7400,69,60,28434,1,0,9762.730488
1,1,0,0,11898,10,12,92882,1,0,15522.97777
0,0,1,1,12334,115,91,84071,0,1,11690.24518
1,0,1,1,25406,64,56,66919,0,1,14219.43138
1,0,1,1,7389,14,11,53856,1,0,12486.7371
1,1,0,0,86368,62,43,224519,1,1,35715.53248
0,0,0,0,117187,20,19,324495,0,1,25494.5016
0,1,0,0,33745,72,47,173644,1,0,18047.44692
0,0,1,1,18768,104,108,78648,1,1,15877.81596
0,1,0,0,2701,43,44,17103,1,0,10857.14235
1,1,0,1,12999,20,23,98378,0,0,11892.40261
0,1,0,1,19686,179,231,156726,1,1,33337.30767
0,0,0,0,43841,77,49,161258,0,1,14596.43392
0,0,0,1,69194,208,216,178354,1,0,23894.58049
0,0,0,1,2474,33,34,24532,0,0,2858.632027
0,1,0,1,14448,34,21,86961,0,0,5878.004417
0,0,1,1,26173,42,25,99311,0,1,9894.79667
0,0,1,0,2137,161,157,16364,1,0,11303.72537
0,0,0,1,26067,135,131,155046,1,1,28146.75714
1,0,1,1,11034,10,12,46612,0,1,8520.844793
0,0,0,1,13843,132,135,92344,1,0,15489.22167
0,0,1,0,13819,34,25,35881,1,1,8913.420934
0,0,1,0,24105,23,27,65307,0,1,5669.662516
0,0,1,0,54221,63,55,222019,1,1,28354.79066
1,0,0,1,84700,200,190,377756,1,1,53778.42969
0,1,0,0,2368,105,81,21188,0,1,9076.91555
0,0,0,1,2363,27,20,10165,1,0,6417.365157
0,1,0,1,70745,72,73,199052,1,1,30427.48377
0,1,0,1,23133,17,17,116491,1,0,13790.5221
0,1,0,1,8661,55,60,67170,0,0,8687.583676
0,0,1,1,21920,55,51,82313,1,0,12226.4228
0,0,1,1,7778,97,114,61796,1,0,14462.92373
0,0,1,0,18925,52,41,105305,0,1,10454.9325
0,0,1,1,4115,68,73,16836,0,0,5430.179286
1,0,1,1,23519,71,43,126031,1,1,23700.03716
0,0,1,1,63336,67,83,268036,1,1,37758.74083
0,0,1,1,19677,50,34,102561,0,0,5443.590796
1,1,0,1,16814,61,49,63214,1,1,20121.49264
0,0,0,1,33617,21,22,135596,0,0,5190.790215
0,0,1,1,42113,127,76,212139,1,1,27746.21581
1,0,1,1,4631,317,250,25033,1,1,22180.12798
1,0,1,1,86415,34,39,315105,1,1,44069.65938
1,0,0,1,5281,86,104,33488,1,1,16338.14719
1,0,0,0,3797,10,8,10273,0,0,5414.094946
0,0,1,1,5677,17,15,23129,0,0,4098.004662
0,1,0,1,7971,178,123,25390,0,0,8156.575502
0,0,1,1,3632,69,56,24876,0,1,5957.777274
0,0,1,0,27567,51,50,118976,1,0,15984.9995
0,0,1,0,55529,35,35,175141,1,0,14314.20721
1,0,1,0,27218,46,38,74856,1,0,13268.24686
1,1,0,0,5909,127,115,21842,1,0,16346.18441
1,0,1,1,23480,26,16,98484,1,0,16978.09629
0,1,0,0,41426,120,110,150732,1,0,20274.3054
1,0,1,1,3100,28,33,21758,0,0,9822.09884
0,0,0,0,4836,50,53,19446,0,1,3234.454299
0,0,0,0,1829,33,37,11692,0,0,374.4919543
0,1,0,1,97609,16,16,251115,1,1,34324.18839
0,0,1,1,57828,62,55,253448,1,1,34590.33593
0,1,0,1,14845,42,28,109708,0,0,6290.856127
0,0,1,0,24978,27,28,93186,0,1,8775.30422
0,0,0,0,11430,96,72,83583,1,0,14556.84843
0,0,1,0,8300,111,75,32700,0,1,5379.372413
0,0,0,0,6110,29,22,48991,1,1,11711.37175
0,1,0,0,12882,35,37,96742,0,1,11139.01919
0,1,0,0,13966,132,136,47141,1,1,16030.57305
1,0,1,1,47068,72,53,179251,0,1,20728.17565
0,0,1,1,15723,11,8,61958,0,1,6943.252728
1,0,1,1,49000,69,64,132441,0,0,11586.90069
0,0,1,1,7533,68,73,31732,0,0,5844.905558
0,0,1,0,36929,41,33,187615,1,0,15022.90035
0,0,1,0,32258,129,104,101546,1,1,19915.63252
0,0,0,0,30929,47,40,79995,0,1,7886.598072
0,0,1,1,19383,144,183,95841,0,1,17049.23992
0,0,1,1,44333,11,10,186906,0,0,6885.897147
0,0,1,0,4121,24,23,26389,1,0,6905.691011
0,0,1,0,10302,93,112,86224,1,1,17494.19729
0,0,1,1,23366,117,111,126904,0,0,8984.496102
1,0,0,1,5885,72,51,33055,0,0,8370.312256
0,0,0,0,3411,61,56,17393,0,0,927.7440511
0,0,1,1,37285,142,146,180782,1,1,29339.67577
1,0,1,1,55002,22,15,319537,1,1,42297.84965
1,0,1,0,26594,17,19,140264,1,1,24339.567
0,0,1,0,3672,100,120,16333,1,0,10969.97368
0,1,0,1,33596,23,23,104648,0,0,6289.555494
0,0,1,1,7898,15,18,26614,0,1,3894.353505
0,0,1,0,120053,16,20,348026,1,0,25019.12665
1,0,0,1,26374,155,101,156262,1,0,21733.72894
0,0,1,1,11169,74,59,39394,0,0,4933.718505
0,0,1,0,10343,117,101,29140,0,0,4516.709131
0,0,0,0,119811,74,79,338780,1,1,41893.04823
0,0,1,1,55155,41,28,209808,1,1,28148.2893
0,0,1,0,25486,43,37,200461,0,1,18717.08297
0,0,0,1,17133,115,114,43800,1,0,13719.34886
0,0,1,0,10986,22,25,55203,0,0,3877.036058
0,0,1,1,3720,120,118,29719,1,1,14819.01866
0,0,0,0,37833,220,204,101318,1,0,19501.87294
1,1,0,0,47449,11,12,251510,1,1,34882.6487
1,0,1,1,8760,131,84,81243,1,0,19114.5469
1,0,1,0,35447,135,124,110438,0,0,12688.82126
0,0,1,1,13150,56,43,70848,0,1,8498.405233
0,0,0,1,47170,32,24,163505,1,1,23199.82368
0,0,1,1,16848,30,24,131324,1,0,13032.75978
1,0,0,1,27695,11,7,237921,0,1,25148.51695
0,0,1,0,77625,74,94,512799,1,1,61842.53886
0,0,0,1,134562,15,18,343625,1,1,40063.98894
0,0,1,1,47989,152,179,255746,1,1,38496.75612
0,0,1,1,4747,14,11,13521,0,0,2955.875518
1,0,1,1,29087,61,45,97119,1,0,17603.9525
1,0,1,0,59544,54,45,218979,0,1,25110.63315
0,0,1,1,8135,85,74,58753,0,0,8419.202725
0,0,0,1,85468,22,25,314297,1,1,38741.92019
0,0,1,1,12137,62,59,101757,1,1,19272.74509
0,0,1,0,33471,17,17,205233,1,1,27122.56479
0,1,0,1,4448,22,24,13398,0,0,3398.11952
0,0,0,1,41467,31,29,264171,1,1,32723.72263
0,0,0,1,12207,99,59,60497,0,0,4879.220052
1,0,0,1,63941,32,29,235279,1,1,34810.55066
1,1,0,1,11578,41,33,32790,0,1,11304.1594
1,0,1,0,169712,22,23,426030,0,0,18095.77891
0,0,1,1,20110,49,42,105859,1,0,13418.95409
0,0,0,1,84131,83,59,247807,0,0,11316.10913
0,0,1,0,2335,79,102,15524,0,1,6788.539469
0,0,1,1,22064,106,64,161425,1,1,26358.09252
1,0,0,0,64113,46,48,204894,1,0,20667.64091
0,0,1,0,50248,171,140,208390,1,1,32069.98303
1,0,1,1,8338,63,79,48841,1,1,16647.35755
0,0,0,1,19899,38,45,73329,0,0,5064.05926
1,1,0,1,110002,264,226,275491,1,1,50307.33259
0,0,1,1,95362,33,25,256642,0,1,23432.22518
0,0,0,0,11397,26,31,30444,0,1,5145.141759
1,0,0,1,43817,213,271,379290,1,1,60203.89043
0,0,1,0,16580,88,56,99898,0,0,4183.562699
0,0,0,0,12933,51,47,53317,1,1,11588.65023
0,0,1,1,5449,20,19,15266,0,0,3658.278053
1,1,0,1,100167,48,51,358940,1,1,52019.16027
1,0,1,0,74555,22,17,226384,1,1,32896.6055
0,0,0,0,47194,152,155,126111,1,0,17573.86443
0,0,1,0,3926,55,54,10454,0,1,3504.503079
1,1,0,1,104055,18,13,305435,1,1,43612.60606
1,0,0,0,16056,28,28,49332,1,1,15206.90912
0,0,1,1,54424,67,60,253921,1,0,21686.95205
0,0,1,1,18775,26,27,124740,1,1,18199.69751
0,0,1,1,14302,43,42,84235,0,0,6303.212166
0,1,0,1,16525,50,41,91894,0,1,13907.25597
0,1,0,0,9501,53,50,38192,1,0,10861.04743
1,0,1,0,28947,146,134,89687,1,1,23753.70897
0,0,0,0,38258,338,327,227586,1,0,30043.81505
1,1,0,1,5411,110,101,30244,0,0,10369.50698
0,0,0,1,26835,243,187,99838,1,0,19400.48493
0,1,0,1,12232,75,49,38683,0,1,8939.53286
1,0,1,0,3209,120,145,15965,0,0,11643.57355
0,0,0,0,31661,127,157,117083,1,1,24038.8003
0,0,0,1,11598,19,12,33497,1,1,10677.20017
0,0,0,1,83791,18,22,273756,0,1,25331.78145
1,0,0,0,50206,12,15,149350,1,0,17083.90622
1,0,0,1,45543,10,10,140943,0,0,10211.61067
0,0,0,1,27402,54,44,79984,0,0,3774.022142
0,0,0,1,67216,13,13,369854,1,1,42810.83364
0,0,1,1,35233,30,18,90039,1,0,10666.32347
0,1,0,1,10080,21,18,79275,0,0,6123.187067
1,0,0,0,15824,138,84,86526,1,0,17595.12246
0,0,1,1,7156,44,55,24417,1,0,10982.72842
0,0,1,1,22383,30,33,133443,1,0,13957.71172
0,1,0,0,31957,21,26,151588,1,0,14916.32438
0,0,1,1,7142,76,90,38019,0,1,8745.555866
1,0,0,0,25718,135,137,69886,0,0,12375.25549
0,0,1,1,25393,70,61,81306,0,1,9984.021432
0,0,1,1,4272,244,278,18389,0,0,12912.11771
1,0,0,0,14482,30,21,89187,1,1,19112.70034
1,1,0,1,36515,27,31,91536,0,1,15703.48185
0,0,1,1,83954,22,13,414028,1,1,48411.73584
1,0,1,1,5359,24,18,17539,1,0,12403.82279
0,0,0,0,25396,93,81,169520,1,1,24682.17914
0,0,1,1,8218,93,103,21545,0,1,8013.702893
1,0,1,1,20775,24,14,71600,0,0,8119.431132
0,0,0,1,17762,243,237,70104,1,1,25916.50473
0,0,0,0,49517,11,11,189560,1,1,23457.60884
0,0,1,1,15628,25,15,71621,1,0,10537.24554
0,0,1,1,13660,38,24,46070,0,0,5594.256812
0,1,0,1,5732,36,46,27540,1,1,12872.95036
1,1,0,1,10033,74,65,56750,1,0,16952.31794
0,1,0,1,3970,12,10,21244,0,1,7616.587121
1,0,0,1,54925,102,85,171154,1,0,22461.02533
0,0,0,1,21284,37,22,103826,0,1,11795.08376
0,0,0,1,12314,37,43,33933,0,0,4730.494451
0,0,1,1,26324,170,133,74431,1,1,18602.41447
0,1,0,0,77559,71,57,290795,1,1,37418.4234
1,0,1,1,3976,42,25,14692,1,1,12010.44682
0,0,1,1,65118,14,9,214925,1,1,29424.86975
0,0,1,0,73434,11,10,254975,1,0,19171.56902
0,0,1,1,52217,21,18,171420,1,1,24924.6775
0,0,1,1,20795,15,14,61856,1,0,10738.01935
0,0,1,1,10102,247,306,55864,0,0,16188.5893
0,0,1,1,53540,99,80,184557,1,0,19937.30604
0,0,1,1,3516,134,132,26005,1,0,12624.47883
0,0,0,1,31130,75,52,138529,1,1,22232.06116
0,0,1,1,49152,98,126,161032,1,1,29057.13155
1,0,1,1,6429,34,42,47778,1,0,15575.59092
0,0,0,1,24143,19,17,150038,1,1,22069.98835
0,0,1,0,10347,177,154,29299,1,0,12110.95703
0,0,1,1,25178,31,20,90695,0,1,10792.43108
0,0,1,0,14148,33,23,48945,0,0,3046.58905
0,1,0,0,113561,59,67,291874,1,1,38101.29937
0,0,1,1,17240,17,16,62576,1,0,10924.6916
0,0,1,1,3641,74,56,15051,1,0,12652.01364
0,0,1,0,12569,47,60,61120,1,0,11758.11622
0,0,1,1,74494,28,22,224557,1,0,21570.27881
1,0,1,0,75145,13,13,436643,1,1,51481.47076
1,0,1,1,31558,25,28,128626,1,1,25264.31538
0,0,0,1,18540,30,27,72997,0,1,9055.466622
0,1,0,0,34325,41,40,120679,0,0,8536.313565
0,0,1,1,5720,57,61,26848,0,0,6769.439448
0,1,0,1,12020,203,234,30600,0,0,12671.6971
0,0,0,1,20576,66,50,152654,1,0,16145.62882
0,1,0,1,16597,34,33,73011,0,0,6803.452299
0,0,0,0,25021,39,33,159410,0,0,5687.746612
1,0,1,1,41644,146,93,244406,1,1,37938.17821
0,1,0,0,12911,49,62,39582,1,1,14715.84123
0,0,1,0,24486,84,108,91734,1,0,13786.72061
0,0,1,1,24412,80,51,124649,1,0,13916.59201
0,0,1,1,35015,40,30,89385,1,1,17680.56379
0,0,1,1,81286,11,13,308051,1,1,36980.83711
0,1,0,1,36647,155,108,196940,0,1,23306.00006
0,0,1,1,26933,101,76,123624,1,0,16293.66391
0,0,0,0,32174,45,31,240885,1,1,31262.08172
1,0,1,1,41344,41,49,115047,0,0,9719.121829
0,0,1,1,4077,13,12,19584,1,0,9121.758337
0,0,0,0,2000,27,24,13828,0,0,1950.003882
0,0,0,1,19511,42,47,147592,1,1,21766.20787
0,1,0,1,15166,203,125,42304,0,0,9369.386154
1,0,1,0,33239,13,13,99772,1,1,19402.91401
0,1,0,1,68209,50,59,180279,0,1,20803.41705
0,0,1,0,4131,103,83,20340,1,1,10261.71063
0,0,1,1,20910,134,170,143777,0,1,19449.43461
0,1,0,1,4243,16,13,21518,1,0,12566.93159
0,1,0,1,3108,110,70,17153,0,0,6432.405158
0,1,0,0,31160,20,21,146114,0,0,6955.52316
0,0,1,1,2924,71,56,21425,1,0,11287.25064
0,0,1,1,6267,130,160,22855,0,0,8529.479435
0,0,1,1,2398,49,34,23887,0,0,3459.079997
0,0,1,1,38047,15,15,180869,1,0,14293.74411
0,0,1,1,125515,34,42,621723,1,1,69502.99747
1,1,0,1,47333,118,137,363714,1,0,35334.1679
0,0,1,0,32360,50,50,178707,1,0,15949.85578
1,1,0,0,49230,19,11,185925,0,0,13743.69156
0,0,0,0,86318,27,24,415986,1,1,47684.93267
0,0,0,1,23830,330,232,83006,0,1,17790.00111
0,1,0,1,14024,49,31,111457,1,1,19360.29741
0,0,1,0,45845,159,110,157802,1,0,18662.28483
1,0,1,0,19093,29,27,189251,0,1,21412.61012
0,0,1,1,4333,16,17,11813,1,0,7057.716994
0,0,0,0,8334,113,110,59012,0,0,5815.313267
0,0,1,0,7503,77,86,39893,0,1,6041.691655
0,0,1,1,3344,37,35,20632,0,0,2487.28966
0,0,1,1,8425,43,39,25626,0,1,4957.736644
0,1,0,0,19158,18,14,80909,1,0,12110.20072
0,0,1,0,19452,52,65,56500,1,0,9610.462044
1,0,1,0,21621,213,133,68031,1,1,22110.9188
0,0,1,1,27904,18,13,160297,0,0,8022.861962
1,0,1,0,19168,31,30,146996,1,1,23680.3172
0,0,0,1,19530,51,52,133215,0,1,12813.65007
0,0,0,0,2295,87,85,11652,1,1,12866.98374
0,0,0,1,10431,111,109,43425,1,1,14834.34432
0,1,0,0,1914,130,129,18960,1,0,14030.81194
0,1,0,1,11769,10,12,101790,1,0,13709.73817
0,1,0,1,40599,11,13,391334,1,1,47007.10273
0,0,1,1,3673,93,66,29982,0,1,5465.561091
0,0,1,0,43813,300,291,117866,0,1,22034.16676
0,0,0,1,24922,28,36,238370,1,1,30232.00281
0,1,0,1,29650,75,58,129825,1,1,26170.72392
0,0,1,1,57779,117,100,155279,0,1,16874.24697
0,0,1,1,8710,18,19,37352,0,0,4343.695185
0,0,1,0,12372,31,37,87831,1,0,10074.31003
1,0,1,1,25210,152,93,82789,0,1,16246.96505
1,0,0,1,35232,95,93,88361,0,0,11747.05758
0,0,1,1,2910,28,22,19665,1,0,7535.963856
0,0,0,1,4697,11,13,19975,0,0,3153.999581
1,0,1,0,22028,139,142,60867,1,0,18548.92683
1,0,1,1,20085,42,48,55217,0,0,8837.617126
0,1,0,1,25176,16,11,75388,1,1,15671.0671
0,0,0,1,55601,128,152,364693,1,1,48422.49158
0,0,1,0,60042,34,42,180787,0,0,7457.534234
0,0,0,1,43814,44,28,139225,0,1,14923.19864
1,0,1,1,8175,175,174,57797,1,0,20795.30641
1,0,1,1,20911,23,27,157897,1,0,18476.45679
1,0,1,1,7020,92,57,36048,1,1,16736.85308
0,1,0,0,24809,16,13,82969,1,1,18157.45591
0,0,1,1,5037,27,22,44426,0,1,5106.006203
1,1,0,1,8911,37,25,36052,1,0,15058.3902
0,0,0,1,6184,66,52,34816,0,1,6351.385349
0,0,1,0,54124,26,24,360237,1,1,41718.57662
0,0,1,0,6964,12,8,25839,0,1,2562.555572
0,0,1,1,37921,11,6,112185,0,1,9782.389138
0,0,1,1,36046,94,91,123950,0,1,14914.87993
1,0,1,0,20439,34,32,53451,1,0,13411.55529
0,0,0,1,34471,70,77,112570,0,0,8116.201911
0,0,1,1,26216,80,75,83602,1,0,14465.35069
0,0,1,1,72410,113,98,213094,0,1,23650.45983
0,0,0,1,24612,11,6,83804,1,1,14458.94926
0,0,0,1,20156,50,44,105410,0,0,5360.756553
0,0,0,1,65471,131,86,312961,1,1,41559.2825
0,0,1,1,5085,52,64,19455,0,1,5690.371584
0,0,0,1,26726,35,35,80233,1,1,15856.81648
0,0,0,1,28145,100,91,75364,0,0,8782.850133
1,0,0,1,6326,88,106,19067,0,0,11346.83188
1,1,0,1,5595,200,168,32218,0,0,16131.02992
0,0,1,1,8670,175,151,63222,0,1,13452.202
0,0,0,1,48104,110,136,121870,0,1,16826.19827
0,0,0,1,2715,50,52,18984,0,0,3276.441955
0,0,1,1,7555,81,62,25721,0,0,5182.933638
0,0,0,0,8202,52,50,37711,1,0,10393.92094
1,0,1,0,60229,16,10,169389,0,1,17528.55139
1,0,1,1,76500,16,11,303731,1,1,39653.45191
0,0,1,1,187785,125,132,486587,1,1,60619.11284
0,0,1,1,18389,15,14,84984,0,0,4554.40667
0,1,0,1,6423,16,14,61674,0,0,7472.361427
0,0,0,1,2961,42,34,10950,0,0,3248.018934
0,0,1,0,44693,189,159,138383,0,1,20930.42881
1,0,1,0,25553,146,118,72761,1,1,22416.93314
0,0,1,0,12754,29,31,47655,0,1,5814.054048
0,0,1,1,5905,15,16,26206,1,0,8830.422136
0,0,1,1,16602,179,219,78992,0,0,12512.88604
0,1,0,1,9423,39,35,64041,0,1,9039.266551
0,0,0,1,18287,55,61,76185,1,1,15442.85173
0,1,0,0,7816,18,15,25347,1,0,9855.571089
1,1,0,1,2889,103,73,23204,0,0,10374.1152
1,0,0,0,2238,31,25,17128,0,1,6439.1138
0,0,1,0,17184,13,9,45179,0,0,3240.677761
0,1,0,1,71207,22,15,324583,1,1,41789.21678
1,1,0,1,95864,126,100,313896,1,1,48722.19318
0,0,0,0,61565,88,82,155731,1,1,23979.2456
0,0,1,0,52056,84,78,249586,0,1,24583.70491
0,0,1,0,42209,287,368,132812,0,1,26763.89677
0,0,1,1,30881,350,346,78447,0,0,19044.33861
0,0,1,1,32098,76,47,94511,0,1,10933.44821
0,0,0,0,125643,17,15,353921,1,1,40255.44235
0,0,0,1,15553,40,39,102679,0,0,6468.444106
0,1,0,1,27005,129,130,116103,1,0,18377.2377
0,1,0,0,42988,167,172,206798,0,0,14047.61075
0,0,0,0,7672,32,39,33964,0,1,3792.469079
0,0,0,0,8166,36,33,35400,0,1,4509.107352
1,0,1,0,31533,158,166,160557,1,1,31782.88533
0,0,1,1,12678,82,51,51160,0,1,6702.151585
0,1,0,1,10525,28,27,90436,0,1,11455.40518
0,1,0,1,14493,111,83,47701,0,0,8361.661382
0,0,1,0,9689,23,20,30535,1,0,7362.893813
0,1,0,1,42165,35,43,182719,0,1,20467.30031
0,0,1,1,37048,86,64,128094,0,0,8159.382761
0,0,1,1,148792,28,31,387643,1,1,46328.9537
0,1,0,1,22286,30,26,64435,1,1,17184.19603
0,0,0,1,17740,58,55,60088,1,1,14089.96524
0,0,0,1,9428,26,16,35205,1,1,11627.70748
0,0,1,1,62294,142,179,236867,1,1,36651.53787
0,0,1,1,26526,151,195,85307,1,0,16851.32486
0,1,0,0,9974,36,35,26139,0,1,6011.221209
0,0,1,1,16751,12,8,60287,0,0,2161.067162
0,0,1,0,2017,16,11,10767,0,1,1075.306142
0,0,1,0,29482,40,51,287594,0,1,26263.23327
1,0,0,1,66115,14,11,175283,0,1,20758.60175
0,0,0,0,18516,54,56,108860,1,0,12850.2833
0,0,0,1,10060,158,145,35440,0,0,8283.110327
0,0,1,1,3280,71,54,16764,0,0,5008.528603
0,0,1,1,20957,178,196,70511,1,1,23263.80294
1,0,1,1,11821,48,35,58965,0,0,8584.94953
0,0,1,1,14031,12,14,62941,1,0,10127.11694
0,0,1,1,52153,41,27,204358,0,0,9614.969945
0,0,1,1,40238,184,122,355100,1,1,46075.22695
1,0,1,1,5342,44,44,18610,0,1,8958.329522
1,1,0,0,49513,35,34,273202,1,0,26057.50382
0,0,1,1,36169,154,184,171836,0,1,22141.74528
0,0,0,1,5712,10,12,30801,1,1,9849.800909
0,0,1,1,14457,51,63,101818,0,0,7633.370285
1,0,0,1,11786,24,28,69099,0,0,8669.574323
0,0,1,0,9982,117,95,27981,0,1,7712.577363
0,0,1,1,28616,32,36,111547,1,1,18512.21463
0,0,0,1,8003,149,89,33333,0,1,5532.672742
0,0,1,1,13539,24,22,65113,0,1,5200.339559
0,0,1,1,21443,13,9,93531,0,0,4438.57358
1,0,1,0,55566,71,51,380317,1,1,50858.10683
0,0,1,0,2780,74,45,14419,0,0,2272.127562
0,0,0,1,37114,36,43,157622,1,1,23926.54642
0,0,1,0,6722,67,82,29573,1,1,11457.61484
0,0,1,1,6531,56,47,36447,1,1,12740.23798
0,0,1,0,11264,36,32,28892,0,1,4429.202694
0,0,1,1,43847,19,19,157285,0,0,8283.264431
0,0,1,1,5582,59,62,17240,0,0,6302.147101
1,0,1,0,4154,37,26,14490,0,1,7030.601816
0,0,0,1,85025,13,12,227981,1,1,28421.08444
0,0,1,1,12019,58,68,44029,1,0,12317.583
0,0,1,1,27506,188,135,219199,0,1,25131.74074
0,0,1,1,64011,155,108,191203,1,1,31791.75098
0,0,1,0,10387,130,123,60886,0,1,11196.20622
0,0,1,1,54804,104,90,230590,1,0,22851.47202
0,1,0,1,3739,136,100,10517,0,1,7861.118021
0,0,1,0,43218,90,59,240968,1,1,31185.63017
1,0,0,1,133727,58,57,343435,1,0,29186.81641
0,0,0,1,2145,80,74,19592,0,1,7154.496475
0,0,1,0,18340,19,19,46709,0,0,1788.257783
0,0,1,1,40388,23,28,163068,1,1,22514.99273
0,0,1,0,27683,14,8,79956,0,1,8201.242114
1,0,0,0,37653,10,10,169230,0,0,9536.348658
1,0,1,1,43133,88,89,126433,1,0,22077.31349
0,0,0,0,4783,32,23,14964,0,1,2205.170846
0,1,0,1,10860,46,53,31509,0,1,8237.521679
0,0,1,1,14286,73,47,39297,0,0,2805.656965
0,0,1,1,7035,24,28,27539,0,0,3451.888589
0,0,1,1,185820,45,36,561249,1,0,38349.62419
0,0,0,1,65137,122,147,237129,1,0,24103.33576
0,0,0,0,11679,50,41,99386,1,1,16866.80194
0,0,1,0,6399,25,21,16146,1,1,7812.085994
0,0,1,1,72852,71,83,227646,1,1,32424.35195
0,1,0,1,5047,24,29,28839,1,0,10910.47314
0,0,0,1,6566,21,17,19778,0,0,1526.97737
0,0,1,1,63185,282,292,163772,1,1,33763.74732
0,0,1,1,1923,15,18,17196,0,0,3599.09488
1,0,0,0,21061,23,24,134540,0,1,14828.91803
0,0,0,1,6541,20,15,39541,0,0,2689.880991
0,0,1,0,24886,34,35,98687,1,0,12058.38907
0,0,0,1,7147,22,14,39237,0,0,3793.687727
0,0,0,1,20846,64,56,112843,0,1,12762.26916
1,0,1,1,23796,48,49,60288,1,0,14779.28191
0,0,1,1,17231,58,48,74124,1,1,15862.94307
0,1,0,1,17530,28,20,115727,0,1,13850.06656
0,0,1,1,6434,20,20,36841,0,0,2466.731959
0,0,1,0,12337,75,45,53062,1,0,10506.62169
0,0,1,1,15110,22,15,44091,0,1,5042.730342
0,0,1,0,14587,82,83,46146,0,1,8148.839687
0,0,1,1,9466,51,64,44456,0,1,6819.859368
0,0,0,1,10197,105,108,37298,0,1,8699.677047
0,0,1,1,88324,20,21,248728,0,0,10088.00987
0,0,0,1,12919,16,17,89955,0,1,9269.945628
0,1,0,1,20893,47,50,66235,1,1,15915.97157
0,0,0,1,34937,27,18,204745,1,1,27843.71872
1,0,0,1,21028,64,55,118109,1,0,16707.76303
1,0,1,1,35716,176,145,258150,1,1,43287.31095
0,1,0,1,26653,10,12,196556,1,0,17609.17247
0,0,1,1,21425,81,69,93682,0,0,5730.848545
0,1,0,1,132165,128,117,369686,1,1,50130.92151
0,1,0,1,10282,12,8,93054,1,0,12674.01825
0,0,1,0,7932,68,61,64418,0,0,4660.333545
0,0,1,1,41186,31,31,133654,0,1,13759.22737
1,0,1,0,3082,33,27,30297,1,0,12782.91284
0,1,0,0,44056,23,23,152713,1,1,24418.0332
0,0,0,1,34057,38,27,119427,1,1,19079.72898
0,0,1,1,3888,54,43,29769,0,1,6113.80667
0,0,0,1,13275,80,54,41946,0,1,6875.8485
0,0,1,0,73103,39,42,224032,1,1,28756.2661
0,0,1,0,8505,62,55,29014,1,0,7046.27083
0,0,1,1,18993,82,96,153617,1,0,17746.91304
1,0,0,1,25259,50,47,105468,0,1,15388.45275
1,0,0,1,5900,67,83,25413,0,0,9931.152373
0,0,1,1,4799,15,13,25828,0,0,1808.608641
1,0,1,0,6233,93,97,55279,0,0,8637.988017
1,0,0,1,1855,82,76,13145,1,0,14090.36477
0,0,0,1,16861,55,34,153278,0,0,6254.98617
0,0,0,1,43118,32,35,127226,0,0,6983.619267
0,0,1,0,23597,264,220,73249,1,1,22659.50419
0,0,0,0,22245,12,10,96594,0,1,8108.028387
0,0,0,0,12420,90,78,37446,0,0,4271.401033
0,0,1,1,78109,13,12,232974,1,0,18953.51594
0,0,1,1,24163,24,17,162345,1,1,21509.95807
0,1,0,0,17457,23,19,57875,0,0,4471.087288
1,0,1,1,16434,37,25,82730,1,0,16182.27909
0,0,1,0,5115,19,12,17494,0,1,2799.743004
0,0,0,0,13959,40,49,101399,0,0,4744.473057
1,0,0,1,9149,75,71,53781,1,1,18086.028
1,0,1,1,5180,105,90,13802,1,0,13681.09963
0,0,1,1,14921,136,132,47549,0,0,9496.221711
0,0,0,0,19206,22,22,67538,1,1,12374.67423
0,0,1,1,4865,120,118,32082,0,0,7445.272025
1,0,0,1,7157,57,68,17917,0,1,9655.977756
0,0,1,1,55763,72,70,274217,1,1,36554.17464
0,0,0,1,45926,32,25,121688,1,0,13102.90052
0,0,0,0,12303,53,59,83824,1,1,15267.41038
0,0,1,1,12864,15,17,64482,1,1,14042.46102
0,0,0,0,15689,21,15,41964,0,0,1113.172781
0,0,0,1,49295,85,58,131982,1,0,15754.24544
1,0,0,1,10933,56,38,57713,0,1,10785.29754
0,0,0,1,42488,74,55,143637,1,1,24193.11289
0,0,1,1,17395,105,117,48496,0,1,9994.092275
0,0,1,1,50126,34,43,125504,1,1,20932.81831
1,0,0,1,19693,73,65,75585,1,0,16648.60247
0,0,0,1,44522,88,104,216508,1,1,30794.48969
0,0,1,1,71691,12,11,329923,1,1,38545.90173
1,0,0,0,27011,34,29,96403,1,1,19490.37588
1,0,1,1,41441,29,20,105035,0,0,10722.2157
0,1,0,1,32052,51,44,101540,0,1,13513.02957
0,0,1,0,10763,39,26,29301,0,1,4918.077477
1,0,1,1,17253,62,72,48319,1,1,18683.07929
0,0,1,1,48633,37,34,126911,0,0,5982.366767
0,1,0,1,4028,46,31,22089,1,1,11764.24383
0,1,0,1,30229,92,113,248850,1,1,37524.42834
0,0,1,1,2029,13,12,18641,0,1,5965.460187
1,0,1,0,19544,14,17,60230,1,0,12723.99488
1,0,1,0,3438,110,108,31135,1,1,17993.10381
0,0,0,1,38621,99,107,293510,1,1,39756.50128
1,1,0,1,38283,73,48,121796,0,1,20599.22185
1,0,1,1,4328,125,119,16090,0,0,9928.621027
0,0,1,1,11517,33,22,55005,0,0,3714.651945
0,1,0,1,2778,80,65,13682,0,0,5325.555068
0,0,0,1,72346,14,10,194938,0,0,7866.984969
0,0,1,1,37139,227,221,134594,1,1,29605.25558
0,0,0,1,34975,16,15,140578,0,1,12305.625
0,0,0,1,25050,34,36,70904,1,1,15090.02796
1,0,0,1,17714,16,11,48556,0,0,6507.064194
0,0,1,1,16104,16,12,47197,0,0,4627.528321
0,0,1,1,26560,46,49,87562,0,0,6624.822918
1,0,1,1,13485,16,11,69563,1,0,15812.20706
0,1,0,1,71203,21,26,245123,0,1,25313.38013
1,1,0,1,8016,61,46,25613,0,1,10625.00185
0,1,0,1,7958,38,42,77649,1,1,17474.30546
0,0,1,1,9141,65,40,59573,1,0,11450.96151
0,0,1,0,73924,58,65,316663,0,0,13905.29862
1,0,1,1,3798,11,11,15615,0,0,6929.75123
0,0,0,1,47051,55,61,198478,1,1,28593.84247
0,0,0,1,30457,39,39,77466,1,1,17704.23462
1,0,1,1,12036,22,18,47870,1,0,12267.90934
0,1,0,1,6063,45,31,17352,0,0,4157.376807
0,1,0,0,16212,170,140,63835,0,0,11058.92666
0,0,0,1,25627,68,64,73479,0,0,4728.372297
0,0,1,1,2595,134,169,12752,0,1,9363.243188
1,1,0,0,10994,19,21,44245,1,1,15004.20719
0,0,1,1,11023,93,92,100300,1,0,12888.18501
1,0,0,0,23399,82,87,63825,0,1,10876.15546
0,1,0,1,66950,78,72,229300,0,1,26308.99261
0,0,0,0,9442,41,45,35149,0,0,3897.27888
1,0,1,1,7350,59,43,56526,0,1,11354.20289
1,1,0,1,22699,21,25,89220,1,1,21847.66321
0,0,0,1,15888,53,40,134756,1,1,20548.47139
0,1,0,0,90030,71,56,227082,1,0,21740.35477
1,0,0,1,15860,29,28,65533,1,0,15546.20046
1,0,1,1,9837,87,99,49832,1,1,18958.14154
0,0,0,1,16449,122,96,52638,1,1,16276.81724
0,0,1,1,52276,23,15,175190,1,0,15262.2085
0,0,0,1,30669,24,17,125355,1,1,20924.00185
0,0,1,1,49274,40,41,146268,1,1,24373.30679
0,1,0,0,9733,70,60,34800,1,0,11246.90037
0,0,1,1,9333,71,65,29377,0,1,5236.862906
0,0,1,1,91066,20,12,239951,1,1,31190.52552
0,0,1,0,6268,210,222,25450,0,0,9725.253749
0,1,0,1,31784,31,27,118649,1,1,23041.97953
0,0,1,1,12565,49,59,101747,1,1,18578.82007
0,0,0,1,5898,39,37,22433,0,1,4665.17618
0,0,0,1,12432,21,17,68448,1,1,13605.75904
0,0,1,1,24080,15,14,99400,1,0,13929.53007
0,0,1,0,50785,23,16,170686,1,1,21878.81944
1,0,1,1,46151,40,24,228243,1,1,34461.63062
0,0,1,1,29833,19,16,200222,1,1,25888.90355
0,0,0,1,6223,141,155,47986,1,0,15543.72503
1,0,0,1,5389,21,22,46579,1,0,13139.07023
0,1,0,1,9687,10,12,73454,0,0,5929.673647
0,0,0,1,13982,181,186,68710,0,1,13725.05944
0,0,1,0,28634,27,19,86259,1,1,14586.45649
0,0,0,1,19698,223,194,68434,0,0,12146.46301
1,1,0,1,48400,46,52,152151,1,1,29080.33788
1,0,0,0,36848,95,89,154038,1,1,29094.56132
1,1,0,1,18391,25,19,48419,0,0,9525.496591
0,1,0,1,11356,26,25,33958,0,1,6615.064745
0,0,0,0,4571,28,22,12955,0,1,889.9756528
0,0,1,1,12171,12,13,42237,0,0,1408.456289
0,0,1,1,3613,35,30,30750,0,1,6131.616399
0,0,0,1,20584,41,49,52063,1,0,10898.83007
0,0,1,0,5651,22,15,14223,0,0,1608.868027
0,0,0,1,7610,14,16,19559,0,0,2836.787536
0,0,1,1,19834,21,22,141636,1,1,21384.87729
0,0,1,0,32146,78,61,88939,1,1,17804.1785
0,1,0,1,12634,25,15,89284,1,1,18148.86182
0,0,1,1,216847,58,59,576931,1,0,39189.79226
1,0,1,1,8892,18,13,79262,0,0,5216.817245
1,0,0,1,36354,47,34,334533,0,1,34620.77186
0,0,0,0,15505,236,154,78785,0,0,10416.76761
0,0,1,1,43928,14,9,142408,0,0,6604.038947
0,0,1,0,5047,34,38,21189,0,0,1496.571961
0,0,1,0,33099,32,21,159814,1,1,20189.74348
0,0,0,0,9390,27,19,51588,0,1,5638.55887
1,0,0,1,26849,82,89,100878,1,0,18010.79571
0,0,1,0,5514,39,31,53677,0,1,7323.304046
0,0,1,1,9182,25,26,25319,1,1,7832.328389
0,1,0,1,90715,215,134,252573,0,1,30418.1706
0,0,1,0,29291,22,25,219386,1,1,28408.8204
1,0,1,1,2769,22,20,12621,0,1,7731.261504
1,0,0,1,24130,39,39,238170,0,1,23439.61324
0,0,1,0,22121,206,242,94992,1,0,21355.66519
0,1,0,0,15892,79,49,48896,0,0,5184.767479
0,0,0,0,14824,23,18,49678,1,0,5816.155015
1,1,0,1,55185,114,146,195651,1,0,25214.32095
0,1,0,1,4890,32,27,19932,0,0,4906.737437
0,0,0,0,4574,45,56,11464,1,0,7700.722688
0,0,1,0,32713,42,36,89221,0,1,6824.258074
0,0,1,0,84172,83,82,289225,1,1,37057.45653
0,1,0,1,18823,22,25,144786,1,0,16952.15638
0,0,1,1,26311,26,15,106429,0,1,11563.57478
0,0,1,1,14319,49,62,49910,0,0,4846.826271
0,1,0,0,8243,53,67,20861,0,0,6473.5128
0,0,1,1,2457,24,17,12147,0,0,1816.05151
0,0,0,0,32519,23,14,121554,0,0,3944.826915
0,0,1,1,14614,53,34,46570,1,0,9455.624525
0,1,0,1,31770,123,117,79885,1,0,17573.13979
0,0,1,1,26622,65,61,76943,0,1,10611.93383
0,0,0,0,43574,26,25,122852,0,0,5382.789214
0,0,1,1,20046,72,55,107275,1,0,12982.07293
0,0,1,1,22681,56,44,71702,0,1,9683.228815
0,0,1,1,33502,48,42,100847,0,1,12161.26982
0,0,1,0,7014,12,7,48094,1,0,8736.408395
0,0,1,1,31031,68,55,87512,0,0,5908.813014
0,0,0,1,55835,47,31,339298,1,1,39957.12295
0,1,0,1,26338,56,34,91201,1,0,13443.9427
0,0,0,1,54085,18,15,164706,1,1,23309.57527
0,0,1,0,4195,78,51,11390,1,0,7885.634278
0,0,0,1,7331,11,11,21523,0,1,3581.785919
1,1,0,1,7216,39,33,45321,1,0,15447.03202
0,0,1,0,23982,64,47,60092,1,1,12370.46019
0,0,1,1,6898,77,86,58994,0,1,10328.88638
0,0,1,1,10665,55,69,64120,1,0,11766.00932
0,0,1,0,63286,38,42,160582,0,1,16046.82812
0,0,0,1,14194,34,26,54669,0,1,7219.732899
0,0,0,1,12785,77,98,38887,1,1,14129.6421
1,1,0,1,13980,26,18,38892,0,0,9816.213152
0,0,1,1,36150,12,12,115412,0,1,10856.31406
0,0,1,1,17826,63,52,50404,1,0,12470.55267
1,0,1,0,16838,59,56,64514,0,0,9496.053381
0,0,1,0,18778,35,31,55095,1,1,12093.38079
0,0,1,0,4459,55,63,25729,1,0,9576.578823
0,0,0,0,135692,178,213,618047,1,1,77528.81537
0,0,1,1,3675,26,17,25096,1,1,9942.700669
0,0,1,0,42914,14,15,254051,1,1,31201.35727
0,0,0,0,108334,218,192,291538,1,1,43629.75392
0,0,0,0,2444,27,28,15688,1,0,7456.745373
0,1,0,1,24130,26,31,86989,0,0,7454.659858
1,0,0,1,42664,41,35,134974,1,0,18862.37313
0,0,0,0,9113,59,61,52406,0,0,5423.927958
0,0,0,1,11283,55,50,70135,0,0,6679.766799
0,0,1,1,30243,169,203,247768,1,0,28086.67604
0,1,0,1,15694,24,30,84643,1,0,12468.53816
0,0,1,1,31333,42,36,94666,0,0,5333.651027
1,0,1,1,11357,59,55,75101,0,0,10147.14027
1,0,0,0,10117,20,22,31883,1,0,11395.4986
0,0,1,1,11262,17,18,39822,0,1,6271.528516
1,0,1,0,33583,85,77,161560,1,1,29537.65233
0,0,0,1,8268,121,142,29476,1,0,13640.71751
0,0,0,1,9502,15,17,92715,1,1,15155.16726
1,1,0,1,41557,114,98,332003,1,1,48728.22763
0,0,0,1,3933,24,27,10768,1,0,8371.741955
0,0,1,0,18772,52,43,51145,1,0,10488.15887
0,0,0,1,50921,20,21,188000,0,1,15941.99873
0,1,0,1,8786,40,37,68130,0,0,5894.35398
0,0,0,0,59529,24,15,181704,1,0,14601.54169
0,0,1,0,6277,20,12,30417,0,0,1835.451631
0,0,0,1,60133,129,160,172913,1,1,32519.54847
0,1,0,1,34596,42,42,105828,0,1,13968.27771
0,0,0,1,12412,26,26,44954,0,0,4081.900584
0,0,1,0,22916,77,58,62639,0,0,4171.2487
1,1,0,1,32039,11,12,166808,1,0,21418.21206
0,1,0,1,7566,103,74,64992,1,1,16998.38856
0,0,1,1,4319,24,16,22989,1,1,7655.750618
0,0,1,1,31472,51,38,125245,1,1,21036.03817
0,1,0,0,41368,70,79,188113,0,0,10174.99537
0,0,1,1,59887,24,14,176089,1,1,24340.71476
0,0,0,1,11400,36,27,96026,0,0,5364.934704
1,1,0,0,5190,18,22,23923,0,0,7416.942714
0,0,1,0,21753,12,10,57036,0,1,5541.2102
0,1,0,1,31244,33,28,161287,1,0,17158.78318
0,1,0,1,14349,57,42,70116,1,1,16646.46136
0,0,1,0,11225,72,57,45233,0,1,6225.88462
0,0,0,0,58172,32,22,256127,1,1,32063.72955
1,1,0,1,8119,71,75,47949,0,0,10124.27551
0,0,1,1,8935,75,84,34192,0,0,6418.173838
0,0,1,0,5955,11,13,56655,1,0,9543.824782
0,1,0,1,21769,25,25,115008,0,0,7619.890571
0,1,0,0,54710,57,37,145035,1,1,23480.37139
1,0,1,0,20201,15,17,62075,0,0,5279.11638
0,1,0,1,13168,24,16,70591,1,1,14673.046
0,0,1,1,40516,43,45,142076,1,0,15228.48508
1,0,1,0,10601,125,95,30445,1,0,15968.83095
0,1,0,1,13643,63,44,89773,1,1,19043.65555
0,0,0,1,17353,14,8,46146,0,1,6127.903977
0,0,0,1,35304,15,9,123038,0,1,11212.04662
0,1,0,1,29430,12,7,77690,0,0,5465.409643
0,0,1,1,3181,66,52,23386,0,1,4155.17803
0,0,0,0,58779,87,54,298788,1,1,39230.68034
0,0,1,0,13745,29,32,52031,1,0,8031.738977
1,0,1,1,12862,30,21,45223,0,1,10476.25359
1,0,0,0,33526,15,17,112292,0,1,14707.84229
0,0,0,1,22332,68,66,70057,1,0,13970.97992
0,1,0,1,10233,51,65,26333,0,0,5677.481518
1,0,1,0,92769,37,35,266060,1,0,22936.35093
0,0,1,0,16204,56,68,44187,1,1,13024.00882
0,0,0,1,7781,67,53,20585,1,0,10420.06826
0,0,0,1,77157,66,47,260624,0,0,11088.22641
0,0,1,1,2020,114,125,11821,0,0,7004.24437
1,0,1,0,4208,23,14,25922,0,0,6203.790479
0,0,1,1,38290,121,105,193140,1,0,20883.98191
1,0,1,1,33872,26,17,85308,0,0,8423.4853
0,0,0,1,72987,54,48,257270,1,1,33902.75033
0,0,1,0,6755,42,35,48614,1,0,9096.476076
0,1,0,1,22843,14,16,127307,1,0,15132.06439
0,0,0,0,24694,49,53,63961,0,0,4710.660484
0,0,0,1,7651,38,46,55372,0,1,7548.081392
0,0,1,1,19961,146,128,87993,0,0,10474.25199
0,0,1,1,19379,127,84,68897,1,1,17654.38141
1,0,1,0,92517,107,89,525030,1,1,65050.49043
0,0,1,1,24728,210,247,143155,1,1,32194.46318
0,0,1,0,43604,20,15,193262,0,0,6513.837374
0,0,1,1,3718,87,69,12453,1,0,10546.46439
0,0,1,1,2656,79,100,15633,0,0,6646.573074
0,0,1,1,13651,65,59,43059,0,0,4597.490173
0,0,0,1,17527,20,20,115576,0,1,11554.45132
0,1,0,0,62843,110,133,313708,0,1,34085.18712
1,1,0,1,35866,28,32,125668,1,1,25430.41466
0,0,1,0,47793,35,28,149714,0,1,13584.77301
0,0,1,1,11016,58,55,35876,1,1,11025.45128
0,0,1,0,4853,73,46,19814,1,0,9097.568257
0,0,0,1,56856,25,16,143099,1,0,15055.79704
1,0,1,0,22924,18,19,140933,1,0,17543.84502
0,0,0,1,16492,57,52,105671,0,1,13203.11481
0,1,0,1,3837,14,17,14864,0,1,4378.016683
0,0,1,0,5218,15,10,42069,0,0,1439.392273
0,0,1,1,2236,13,14,15777,0,0,1983.398267
0,0,1,1,14765,57,65,62142,0,1,9307.400678
0,0,0,0,16950,101,93,131327,1,0,15252.16749
0,0,1,1,19100,134,97,80943,0,0,5675.826269
0,0,1,1,110805,38,25,478518,0,1,41818.39213
0,1,0,1,2410,27,23,19804,0,0,3395.495012
1,0,0,1,43058,83,94,175626,1,1,32215.16098
1,0,0,1,10751,17,10,37642,0,0,5915.114035
0,0,1,0,15375,25,32,58423,1,0,9731.674473
1,0,0,1,9136,39,24,77650,1,1,18608.01124
0,0,0,1,45636,190,214,138040,0,1,21710.83319
0,0,0,0,17132,22,13,56766,1,0,7688.134548
0,0,1,0,4451,19,22,15751,0,0,2342.172593
0,1,0,1,21171,24,18,68592,1,1,16261.05254
0,0,0,1,53513,35,21,171389,1,0,15341.2549
0,0,0,1,65868,20,17,202041,1,1,27864.98293
0,0,0,1,12421,100,81,94980,1,1,17726.35317
0,0,1,1,44950,183,233,120480,0,1,19661.73817
0,0,1,0,23056,34,29,191204,1,0,17610.66107
0,0,0,1,12015,104,131,74728,0,1,12023.65435
0,1,0,1,39637,17,21,309604,1,1,37891.172
0,1,0,0,32529,49,37,90631,0,0,6647.296616
0,0,0,1,77350,15,12,303470,1,1,35467.78765
0,0,1,1,61039,66,43,196930,1,1,28597.51471
0,0,0,1,16226,90,72,54075,0,0,7220.87191
0,0,1,0,12813,158,188,97736,1,1,22883.8854
0,0,1,1,52575,153,155,143587,0,1,21617.33461
1,0,0,1,9349,34,20,39847,0,1,9099.395522
0,1,0,1,32920,10,11,192001,1,1,27934.92302
0,0,1,1,7853,94,92,52369,1,1,14899.93712
0,0,0,1,2740,44,55,10867,1,0,9150.068397
0,0,0,0,115796,13,8,418788,1,1,46668.59688
0,0,1,1,40637,85,100,243944,1,1,33519.77889
0,0,1,1,2964,43,42,26090,0,1,6237.467069
0,0,1,1,29107,13,12,90923,1,0,12351.10675
0,1,0,1,8140,16,11,70111,0,0,6673.257513
0,0,0,0,18938,35,29,54633,0,1,5766.333262
0,0,1,1,1755,51,65,12679,1,0,8678.13295
0,0,0,1,86106,52,35,267114,0,0,8834.50154
0,0,1,0,94521,72,92,301844,0,1,28800.33804
0,1,0,1,5344,147,137,17498,0,0,9284.071213
1,0,1,1,11215,33,22,37339,0,1,9379.400485
0,0,0,0,8397,76,86,78647,1,1,16291.33259
0,0,1,1,51343,32,36,159946,0,0,7940.947136
0,1,0,0,13017,118,84,54033,1,1,15732.86598
0,0,1,0,13512,16,16,34524,0,0,1657.60029
0,0,0,0,5153,86,53,24055,0,0,1768.879168
1,1,0,1,32540,14,12,200125,0,1,21874.94337
0,0,1,1,87157,33,36,236683,1,0,20887.12542
0,1,0,1,95183,29,33,281831,0,0,15365.64843
0,0,1,0,35818,55,70,286403,1,1,35776.06122
0,0,0,1,40342,53,60,124441,0,1,14019.02331
0,0,1,1,7565,17,17,21557,0,0,2572.29145
0,0,1,1,39299,30,25,121658,1,0,13440.23615
0,1,0,0,3695,52,57,27252,0,0,6427.628148
0,0,1,1,34997,76,82,124451,0,0,6864.032046
1,0,1,1,2228,10,10,22187,0,0,6828.300545
0,0,1,0,34935,37,24,312042,1,1,37676.723
0,0,1,0,11982,52,40,71221,0,1,8315.512754
1,0,1,1,15945,114,109,52711,0,1,14559.37835
0,0,0,1,22829,19,21,122986,0,0,5520.08532
0,0,0,1,41241,53,61,218244,0,0,10153.0231
0,0,0,1,93644,18,20,369755,1,1,45167.61109
0,0,1,1,26096,31,40,112556,0,0,7420.574514
0,0,1,1,33283,37,47,113427,0,0,8036.636786
0,0,0,0,12263,64,53,76953,0,1,9011.419677
0,0,1,1,44908,38,49,171011,1,1,25780.19642
0,0,1,1,63404,35,25,186296,1,1,26795.14017
0,1,0,1,29286,40,37,80408,1,1,17264.45423
0,0,1,0,50350,17,17,170110,1,1,22058.75821
1,1,0,1,18843,35,41,112058,1,0,18925.58012
0,0,1,0,41753,21,22,174845,1,0,16353.77671
0,0,1,1,12170,26,16,34745,1,0,9797.931115
0,0,1,1,8425,21,24,69801,1,0,11471.60871
0,0,1,1,89351,42,49,235865,1,0,20195.00107
0,0,1,1,40103,34,41,262309,1,0,19585.5975
0,0,1,1,3153,57,43,10245,0,0,4387.135137
0,1,0,1,11462,204,204,35991,0,0,13619.82974
0,0,1,1,10851,72,44,28921,1,1,12724.2847
0,1,0,1,3446,77,52,31509,0,0,5947.278689
0,0,0,1,5816,25,31,25646,1,0,9107.229617
0,0,1,1,3757,72,62,21188,0,0,6550.153588
1,0,1,1,12841,158,149,86687,0,0,14162.78827
0,1,0,0,26798,30,24,98948,0,0,7180.914803
0,0,1,1,66632,74,76,193061,0,1,20889.74858
1,0,0,1,7182,27,23,23792,1,1,13954.74776
0,0,0,1,4857,240,196,27719,1,1,17028.09659
1,0,1,1,26045,92,95,72144,1,0,17047.86739
0,1,0,0,13861,35,23,34800,1,0,9965.380853
1,0,1,0,8576,84,94,27701,1,0,16472.20159
0,0,0,0,11033,26,30,60672,0,1,5748.774662
1,0,1,0,35919,24,29,97257,1,1,21762.75624
0,0,1,0,3726,173,106,31027,0,1,7139.476089
0,0,1,1,14114,29,30,56959,0,1,7991.801988
0,0,0,1,4919,51,44,38379,0,0,3672.918732
0,0,0,1,30702,153,145,95179,1,1,21795.06614
0,0,0,1,16510,184,219,46455,0,1,13878.99218
0,0,1,1,7157,16,14,69576,1,1,14189.7407
0,0,1,1,2284,122,158,12521,0,1,10381.90741
0,0,1,0,47012,38,39,143772,0,0,6887.731045
0,0,1,0,73855,141,139,188319,1,1,30681.06136
0,1,0,1,9381,83,85,42495,1,0,13716.10988
0,0,0,1,38673,28,30,142276,1,1,21574.47709
0,0,0,0,15243,26,32,38690,1,1,10110.00069
0,1,0,1,8698,22,23,46078,1,1,14498.91261
0,0,1,1,7373,33,40,24073,0,0,2680.364289
0,0,1,1,4251,33,29,38335,0,0,5480.749596
0,1,0,1,34672,129,160,126165,1,0,19823.71177
1,0,0,1,103613,74,52,259317,0,1,29737.78514
0,0,0,1,23857,30,23,73164,1,1,14328.8149
0,0,0,1,8915,38,27,59774,0,0,5781.273289
0,0,1,1,19374,39,34,66436,1,0,10420.16974
0,0,1,1,18630,266,325,100278,0,1,23166.06052
0,0,1,1,4127,32,31,15569,0,1,2921.20266
0,1,0,1,8279,38,30,52969,0,1,10113.77289
1,0,1,1,6508,33,39,38371,0,1,10330.24255
0,1,0,0,43287,26,33,207662,1,0,19666.70339
0,0,0,0,65671,13,14,171025,1,0,15897.04316
0,0,1,0,62591,57,59,205256,1,1,27906.4413
0,1,0,1,21605,70,52,59139,0,0,5977.569192
0,0,1,1,4809,21,26,34871,0,1,5239.444732
0,0,1,1,75639,30,19,210431,1,0,19023.10679
0,1,0,1,20232,29,27,92846,0,0,6904.359815
0,1,0,1,3315,67,66,11681,0,0,5434.443462
0,1,0,0,42932,23,15,125437,1,0,15123.5866
0,0,0,0,1640,15,11,11267,0,0,-616.5724513
0,0,0,1,56765,54,53,160784,1,1,23112.51345
0,0,1,1,4644,56,49,45005,0,0,5500.479797
0,0,0,1,6217,56,41,36316,1,0,7328.944312
0,1,0,1,10443,60,68,99629,1,1,19656.17731
0,0,1,1,17254,49,62,46979,0,1,8632.529171
0,0,1,1,10801,80,98,32666,1,0,12627.10734
0,0,1,1,19955,30,26,60593,0,1,7854.669318
1,0,0,1,7690,20,20,22101,1,0,13912.19876
0,0,0,0,35600,66,76,171952,0,1,17500.87214
1,0,0,0,63483,142,92,204411,1,1,33250.97377
1,1,0,1,17853,94,94,84566,0,1,17705.53082
0,0,1,0,4721,24,14,17807,1,0,6322.44198
0,0,1,0,11592,59,65,77087,0,0,4565.842911
0,1,0,1,133052,36,40,399228,1,0,28104.52976
0,0,0,0,49286,22,14,150010,1,1,20132.08548
1,0,1,1,29684,21,15,160862,1,1,26783.82687
0,0,1,1,8922,92,65,62289,1,1,15612.3162
0,0,1,1,64836,112,127,197133,1,1,31799.31029
1,1,0,1,46758,91,96,170928,1,1,33713.93212
0,0,1,1,50599,107,67,229859,1,1,33989.91842
0,0,0,1,5394,13,12,30169,1,0,7777.676957
0,0,1,0,2115,16,17,11709,0,1,2117.546395
0,0,1,0,19769,197,231,55240,1,0,17419.95201
0,0,0,0,54806,123,145,283472,0,1,28592.42148
0,0,1,0,59798,178,203,558513,1,1,70110.41759
1,1,0,0,24172,70,72,81282,1,1,22154.12055
0,0,1,1,10226,10,7,92253,0,1,8899.070061
0,1,0,1,3121,16,16,14226,1,1,11642.06011
0,0,0,1,4568,21,14,14755,1,0,5933.833852
0,1,0,1,15788,42,44,97815,0,1,13636.95272
0,1,0,1,13014,45,37,93611,0,1,12127.64035
0,0,1,1,6018,27,20,19427,1,0,8389.650104
0,0,0,1,84149,71,88,310718,1,1,38438.5399
0,0,1,0,32655,36,44,135278,1,1,21340.90633
1,0,1,0,18844,70,90,55184,0,1,13191.2218
0,1,0,1,58594,55,62,490270,1,1,58714.84971
0,0,0,1,10630,23,27,55771,0,0,3980.851169
0,0,0,1,8220,19,15,72357,1,0,10492.48497
0,0,1,1,9317,211,254,39983,0,0,14542.64742
1,0,1,0,28734,48,38,269252,1,1,37507.32502
1,0,0,0,12037,42,42,61609,0,0,6937.60052
0,0,0,1,49427,28,33,288358,1,1,35979.81746
1,0,0,1,5752,37,46,54873,0,0,6987.138356
1,0,0,1,7096,91,86,65357,0,0,11234.4588
0,1,0,1,13359,18,12,77553,1,0,11368.25645
1,0,0,0,21722,59,48,136034,0,1,15218.78818
0,0,1,0,24113,27,27,160121,1,0,13816.97789
0,0,1,1,17293,29,37,80727,0,0,7133.681372
0,0,0,0,12688,11,10,42969,0,1,2549.01298
0,0,1,0,28207,125,95,76872,1,1,18576.01452
0,0,1,1,71943,18,14,248566,0,1,20998.0432
1,0,0,0,84320,54,65,225946,0,1,23284.55072
0,0,1,1,22042,14,14,68408,1,0,9544.957874
0,1,0,0,18815,80,81,61704,0,0,7972.853529
0,0,1,0,10897,24,28,74510,0,1,7692.030915
0,0,1,0,8332,21,13,48657,1,0,7872.254385
1,0,1,0,60860,227,214,165733,1,0,26875.78401
0,0,0,0,23524,92,111,216948,1,1,30042.24231
0,0,1,0,1501,22,18,12243,0,0,3118.114431
0,0,1,1,12010,31,30,42780,0,1,7446.547831
0,0,0,1,59331,323,338,260230,1,1,46530.42113
0,0,1,0,31294,17,14,100087,1,0,9617.575449
0,0,0,1,43525,79,101,201749,1,1,32638.07335
1,0,1,0,21105,34,21,146090,1,1,25425.5671
0,1,0,1,42867,48,56,191941,1,1,29134.66939
0,1,0,0,12838,68,41,48972,1,0,14081.51429
0,1,0,0,21339,20,25,98120,1,0,12868.98743
0,1,0,1,36471,16,13,101443,1,1,18642.82558
0,1,0,1,38793,139,165,192679,1,1,34058.60358
0,0,0,1,112566,89,97,306079,1,1,38693.56767
0,1,0,1,1727,65,42,14266,0,1,4852.886305
0,0,1,1,15814,32,35,79801,0,0,6464.14138
0,1,0,1,54198,21,22,276950,1,0,24003.60504
1,0,1,0,6176,77,88,24603,1,1,16244.06651
0,0,1,1,75071,71,89,369362,1,1,49636.20396
1,1,0,1,17200,29,24,163971,1,0,21486.33935
1,0,0,1,8656,28,22,43930,1,0,13369.71389
0,1,0,0,1883,30,34,11621,1,1,10157.94009
0,0,0,1,45309,39,43,137828,1,1,20308.17965
0,0,0,1,15369,26,16,61966,0,1,7223.827695
0,0,0,1,107765,163,155,357482,0,1,36079.39157
0,0,1,1,28942,109,125,146101,0,0,9826.859963
0,0,0,1,4176,76,72,24504,0,0,4875.567785
0,0,1,1,11363,49,52,105082,0,1,11544.48893
0,0,1,1,12749,22,26,75798,0,0,4021.204818
1,0,1,1,37759,20,15,136223,0,1,16741.71293
1,1,0,1,45201,74,78,158032,1,1,31342.41506
1,0,1,1,23587,152,104,103485,0,0,13710.65014
1,1,0,1,12588,234,271,41540,0,0,21326.34189
0,0,0,0,76824,88,99,556966,1,1,64641.33112
1,0,1,1,8236,14,15,26162,0,1,8053.329576
0,0,0,0,4874,22,15,32888,0,1,3085.171282
0,0,1,1,16975,17,13,104309,1,0,10897.16033
0,0,1,1,27236,10,7,90537,1,0,11655.52611
0,0,1,0,12979,14,16,43358,0,1,3744.097328
0,0,0,1,6638,21,21,29166,0,1,3814.303434
0,0,1,0,38213,40,28,100002,0,1,9744.287477
1,0,1,1,52165,78,53,316043,1,1,43156.33691
0,1,0,1,4837,74,80,45004,1,1,16722.52173
0,1,0,1,46825,37,35,239934,1,0,20709.49016
0,1,0,1,62909,15,19,185341,0,0,11098.19468
0,0,0,0,34929,25,23,98476,0,1,9266.628165
0,0,1,0,49604,18,14,216230,1,1,28216.15072
0,0,0,1,9678,73,47,24449,0,0,3398.862946
0,0,1,0,38592,226,198,115829,1,0,19909.6354
0,0,0,1,60156,30,18,273062,0,1,23779.99628
0,0,0,1,10476,24,23,47249,0,1,7022.488822
0,0,0,1,86093,65,75,285143,1,1,38203.11784
0,0,0,1,7414,32,33,34819,1,1,9752.831101
0,0,1,1,45546,41,50,128179,0,0,10259.69591
0,0,1,1,16846,84,87,49484,0,1,10842.52317
0,0,1,1,11467,100,121,31288,0,0,7444.036432
0,0,1,1,11169,11,9,42955,1,0,8119.356813
0,0,0,1,14193,38,35,75949,0,0,5396.306639
0,0,0,1,20864,54,66,61250,0,0,5077.933824
0,1,0,0,53006,26,33,262468,1,1,34569.82493
0,0,0,0,19280,59,59,56606,0,0,4302.232812
0,0,1,1,15826,148,97,45361,1,1,16062.76019
1,0,1,1,4897,55,37,12435,0,0,8105.305773
0,0,0,1,17992,57,36,68079,0,0,3393.358658
0,0,0,1,55622,57,73,278418,1,1,36875.60652
0,0,1,0,43553,36,26,114094,1,1,16561.71637
0,0,0,0,1959,43,40,14795,1,0,7434.790067
0,0,1,1,28795,23,27,162999,0,1,16569.3359
0,0,1,1,21700,51,56,182905,0,0,6948.191324
0,0,1,1,15220,283,188,43339,1,0,16128.40668
0,1,0,1,6288,12,7,35941,1,0,9764.999051
0,0,0,1,4131,60,69,28178,0,0,4651.985014
0,1,0,1,12338,14,16,60982,1,1,14309.01002
0,0,1,1,9858,13,9,65645,1,1,11808.9937
0,1,0,0,49639,34,39,236428,1,0,22720.78752
0,0,0,1,46007,38,34,151678,0,1,15213.31743
0,1,0,1,8458,56,63,29407,0,1,8268.107679
1,0,1,0,31635,88,100,96045,0,0,11546.25512
0,0,1,0,20130,35,34,180710,1,0,17637.81626
0,0,0,1,22448,108,65,85971,1,0,12121.85281
0,0,1,0,9400,214,225,38115,0,1,13017.22591
1,0,1,1,125862,30,35,349699,0,1,34921.74153
0,0,1,0,3029,75,69,13965,1,0,9034.125983
0,0,1,0,3899,141,150,14010,1,0,10357.27798
0,0,1,0,7801,76,50,51789,1,1,12466.48763
0,0,1,1,8357,34,26,24866,1,0,8358.920998
0,0,1,0,12245,16,16,70499,1,1,13222.14717
0,1,0,1,37314,44,56,189686,0,0,13143.71507
0,0,0,1,6231,10,9,16430,0,0,1299.102236
0,0,1,0,17341,17,17,47528,0,0,3814.032543
0,0,1,1,7188,53,34,26282,0,1,4400.598975
1,0,1,1,2161,109,75,15424,0,0,7953.444885
1,0,1,1,17351,16,12,50651,0,1,10928.05785
1,0,1,1,50693,75,74,221486,1,1,36120.18731
0,0,1,1,57128,150,99,158373,1,1,28399.87285
0,0,0,1,27799,45,41,97169,1,1,18611.64529
0,1,0,1,15352,50,60,136254,0,0,9350.540121
0,0,0,1,1903,39,30,13700,0,1,5861.649012
1,1,0,0,34179,21,18,143612,0,1,17312.76386
0,0,1,1,11925,99,83,58553,0,1,9550.739313
0,1,0,0,15724,20,17,39611,1,0,9581.700883
0,1,0,0,73832,60,38,287082,1,1,37591.60621
0,0,0,0,53577,16,14,152576,0,0,4783.476068
0,0,1,1,18461,25,28,52829,1,0,9443.426405
0,0,1,1,20166,62,70,59649,1,0,12419.66799
0,0,1,1,94161,41,24,276626,1,0,21897.14378
0,1,0,1,259808,58,38,766485,1,1,86006.92445
0,0,0,1,28400,58,52,82686,1,0,10331.16381
0,0,1,1,8755,47,43,47511,0,0,3946.520963
0,0,1,0,3319,90,106,21859,0,0,5554.865993
0,1,0,1,12435,37,42,108507,0,1,13941.19144
1,0,0,1,8712,74,60,41868,1,0,14081.63434
0,1,0,1,19731,10,6,60657,0,1,7952.221689
0,0,1,0,5900,186,170,23567,1,1,14249.44051
0,0,1,0,7499,13,9,21854,0,0,1880.998166
0,0,1,0,3231,12,11,23226,0,0,869.5679452
0,0,1,1,23285,101,125,82213,0,0,9610.946665
1,0,0,0,11851,20,13,94601,1,1,18687.84542
1,0,0,1,44676,44,49,140724,1,1,26882.98389
0,0,0,1,18777,65,62,60298,1,0,10622.92178
1,0,1,0,27383,25,29,127925,0,1,15879.43813
0,0,0,1,60902,16,19,161836,1,0,14719.98451
0,0,0,1,13097,30,20,47851,0,0,1680.262467
0,0,0,1,75199,93,100,193057,1,0,21270.02348
0,0,1,1,47956,71,87,150646,0,1,17077.46962
0,1,0,1,30668,12,14,76685,0,1,11054.46492
0,1,0,1,24828,32,34,66207,0,1,9464.745128
0,0,1,0,9588,24,23,64208,0,0,1576.904992
0,0,1,1,15014,25,18,46293,1,1,13356.46203
0,0,0,1,55478,32,31,150647,1,1,21544.90395
0,0,0,0,26110,61,65,88044,1,1,16860.49338
0,0,0,0,58097,14,11,200479,0,1,15998.36376
0,0,1,1,1981,87,105,13886,0,1,6807.419547
1,1,0,0,19786,105,80,61173,1,1,21710.26054
0,1,0,1,4494,15,12,41218,0,1,6891.681471
0,1,0,0,11548,194,178,32745,1,0,15415.53276
1,1,0,1,33526,21,26,98231,0,0,12487.33731
0,0,1,1,6034,74,79,17817,1,0,11138.53115
0,0,0,1,37957,30,36,109245,0,1,12192.21526
1,0,0,1,19390,29,37,74918,0,1,12960.35675
1,0,1,0,8551,45,53,40703,0,0,8123.101703
0,1,0,1,13988,49,33,50219,0,0,8672.851562
1,0,1,1,42616,107,94,122328,1,1,28184.29894
0,1,0,1,78554,56,71,228506,1,0,23682.07355
0,1,0,1,52583,106,88,137381,0,1,20940.13031
1,0,1,1,42105,38,41,229669,1,1,34305.23927
0,0,1,1,18524,65,62,137759,1,1,23509.18852
1,0,0,1,92410,41,35,422327,0,1,40789.41791
0,0,0,1,69328,11,10,209910,0,1,18452.77644
1,0,1,1,5864,71,86,41264,0,0,11360.06959
0,0,0,1,34784,26,25,221889,0,1,18096.93978
0,0,1,1,36554,184,127,138290,1,0,20023.38286
0,0,1,1,34041,87,56,201086,1,1,28382.05576
0,0,0,1,4290,60,69,21262,0,1,5242.13016
0,0,0,1,34241,84,76,130518,1,1,22971.45448
0,0,1,0,18514,91,58,57277,0,0,5125.167803
1,0,1,0,76835,68,63,244594,1,0,24399.42021
0,0,0,1,7216,11,10,33670,1,0,6363.877963
0,0,0,1,19414,59,76,137979,1,1,23419.19662
0,1,0,0,43270,119,99,117234,1,1,23452.52164
0,0,0,0,32414,48,52,107806,1,0,11894.77167
0,0,1,1,7683,37,24,20041,1,0,6912.385715
0,0,1,1,36966,10,11,156425,0,0,6046.072857
0,0,1,0,7598,41,26,22896,0,0,3173.607208
0,0,0,0,11723,79,87,43580,0,1,6342.437748
1,0,0,1,16234,202,183,77772,0,1,18668.96923
0,1,0,1,34980,23,20,130407,1,1,20730.45615
0,0,0,1,74432,12,8,278883,1,0,20267.32063
0,0,0,1,15286,21,13,68312,0,1,7316.069738
0,1,0,1,1864,15,9,15110,0,0,3960.120835
0,0,1,0,4402,18,13,14696,1,0,5994.52877
0,0,1,1,44773,15,14,125674,1,1,19955.65869
1,0,0,0,73881,49,43,190863,1,0,22145.54476
1,0,0,0,54554,248,312,470588,1,1,68429.09507
0,1,0,1,11124,70,71,43253,1,0,14168.48187
0,0,0,1,16223,61,59,57955,0,1,9284.721324
1,0,1,1,27346,59,55,151249,1,1,27932.65921
0,0,1,1,30256,54,67,85065,0,0,5937.476304
1,0,1,1,21063,62,40,65840,0,1,12962.64014
0,0,0,1,23500,11,7,91670,1,0,13413.1494
1,0,0,1,7939,16,11,65674,0,0,7322.936783
0,0,0,1,73202,24,16,252970,0,0,6949.114958
0,1,0,1,13139,14,16,73949,0,1,10114.24582
1,0,1,1,20919,28,23,160371,0,0,11384.83831
0,0,0,0,47645,104,76,163568,0,0,7956.801304
0,0,1,1,41860,28,16,106287,0,1,8605.681492
0,0,0,1,103125,55,45,318677,1,1,39303.1489
0,0,0,1,59409,50,58,211780,0,1,19458.78897
0,1,0,1,38481,30,34,104335,1,0,15149.97842
1,0,1,0,30814,70,54,88879,1,1,19835.77323
0,0,0,1,11045,47,50,38137,0,0,6500.022999
1,0,1,1,69117,11,10,215342,1,1,33756.74093
0,0,1,1,3348,20,18,30282,1,0,8886.536678
0,0,1,1,2327,66,70,15085,0,0,7924.059399
0,0,1,0,2982,68,43,16262,0,0,2613.223994
0,0,1,1,10988,106,102,109237,0,1,13443.79982
0,0,1,0,57973,69,63,153445,0,0,9036.567702
0,0,1,1,14793,32,40,42943,0,1,8199.699674
0,0,1,0,36920,204,143,96848,0,0,8235.537343
0,0,1,1,9682,224,286,84905,0,1,21328.54713
0,0,0,1,4440,64,47,20368,0,0,2290.876869
0,0,0,0,2346,45,52,17580,1,0,7918.8815
1,0,0,1,14772,63,74,54855,0,0,8930.495022
0,0,0,1,3504,321,334,15802,1,0,21081.75578
0,0,0,1,25058,161,139,127963,1,0,18045.75122
1,0,1,1,105538,97,117,267677,0,1,32454.81798
0,1,0,1,20893,70,47,112880,1,0,15249.06291
0,0,1,1,4716,27,32,18150,0,0,4607.795027
0,0,0,1,17504,28,30,124231,1,0,13802.46645
1,0,1,1,22440,33,29,99953,1,0,17706.83971
0,0,1,1,46186,74,48,141579,0,1,13930.12862
0,0,1,0,39683,12,13,111848,0,0,4753.072214
0,1,0,0,4195,14,17,11924,0,0,2161.745939
1,0,0,1,10664,68,47,40037,1,1,17694.82079
0,1,0,1,21618,30,20,152869,0,0,9412.468409
